Workbook
Name lst_actie_type: LIJSTEN!$B$2:$B$7
Name lst_bestemming: LIJSTEN!$E$2:$E$3
Name lst_huis_id: HUIZEN_MASTER!#REF!
Name lst_ja_nee_onbekend: LIJSTEN!$C$2:$C$4
Name lst_klant_type: LIJSTEN!$D$2:$D$4
Name lst_sleuteloverdracht_methode: LIJSTEN!$F$2:$F$4
Name lst_status: LIJSTEN!$A$2:$A$12
Name lst_uitvoerder_team: LIJSTEN!$G$2:$G$5
Name lst_uren: LIJSTEN!$H$2:$H$26

Sheet LIJSTEN
A1: status | B1: actie_type | C1: ja_nee_onbekend | D1: klant_type | E1: bestemming | F1: sleuteloverdracht_methode | G1: uitvoerder_team | H1: uren
A2: NIET_GESTART | B2: VOORINSPECTIE | C2: JA | D2: TRADIRO | E2: OPNIEUW_VERHUREN | F2: PERSOONLIJK | G2: INTERN | H2: 0
A3: VOORINSPECTIE_GEPLAND | B3: UITCHECK | C3: NEE | D3: EXTERN | E3: TERUG_NAAR_EIGENAAR | F3: IN_WONING_ACHTERGELATEN | G3: AANNEMER | H3: 0.5
A4: VOORINSPECTIE_UITGEVOERD | B4: SCHOONMAAK | C4: ONBEKEND | D4: EIGENAAR | F4: ANDERS | G4: SCHOONMAAKBEDRIJF | H4: 1
A5: UITCHECK_GEPLAND | B5: INCHECK | G5: EIGENAAR | H5: 1.5
A6: UITCHECK_UITGEVOERD | B6: OVERDRACHT_EIGENAAR | H6: 2
A7: SCHOONMAAK_NODIG | B7: REPARATIE | H7: 2.5
A8: KLAAR_VOOR_INCHECK | H8: 3
A9: INCHECK_GEPLAND | H9: 3.5
A10: INCHECK_UITGEVOERD | H10: 4
A11: TERUG_NAAR_EIGENAAR | H11: 4.5
A12: AFGEROND | H12: 5
H13: 5.5
H14: 6
H15: 6.5
H16: 7
H17: 7.5
H18: 8
H19: 8.5
H20: 9
H21: 9.5
H22: 10
H23: 10.5
H24: 11
... H26: 12

Sheet HUIZEN_MASTER
A1: object_id | B1: adres_weergave | C1: actief | D1: Column1
A2: =_xlfn.XLOOKUP(tbl_huizen[[#This Row],[adres_weergave]],OG_HUIZEN_LIJST!C:C,OG_HUIZEN_LIJST!B:B,"",0) -> 0308 | B2: Kerkweg 9a [135] | C2: JA | D2: Kerkweg 9a [135]
A3: =_xlfn.XLOOKUP(tbl_huizen[[#This Row],[adres_weergave]],OG_HUIZEN_LIJST!C:C,OG_HUIZEN_LIJST!B:B,"",0) -> A-0088 | B3: Jasmijnring 35 | C3: JA | D3: Jasmijnring 35
A4: =_xlfn.XLOOKUP(tbl_huizen[[#This Row],[adres_weergave]],OG_HUIZEN_LIJST!C:C,OG_HUIZEN_LIJST!B:B,"",0) -> 0368 | B4: Wedderweg 3 | C4: JA | D4: Wedderweg 3
A5: =_xlfn.XLOOKUP(tbl_huizen[[#This Row],[adres_weergave]],OG_HUIZEN_LIJST!C:C,OG_HUIZEN_LIJST!B:B,"",0) -> 0358 | B5: Monsterseweg 26A | C5: JA | D5: Monsterseweg 26A
A6: =_xlfn.XLOOKUP(tbl_huizen[[#This Row],[adres_weergave]],OG_HUIZEN_LIJST!C:C,OG_HUIZEN_LIJST!B:B,"",0) -> 0041 | B6: Nunspeetlaan 53 | C6: JA | D6: Nunspeetlaan 53
A7: =_xlfn.XLOOKUP(tbl_huizen[[#This Row],[adres_weergave]],OG_HUIZEN_LIJST!C:C,OG_HUIZEN_LIJST!B:B,"",0) -> 0295 | B7: Akkerweg 41 [018] | C7: JA | D7: Akkerweg 41 [018]
A8: =_xlfn.XLOOKUP(tbl_huizen[[#This Row],[adres_weergave]],OG_HUIZEN_LIJST!C:C,OG_HUIZEN_LIJST!B:B,"",0) -> 0300 | B8: Akkerweg 41 [040] | C8: JA | D8: Akkerweg 41 [040]
A9: =_xlfn.XLOOKUP(tbl_huizen[[#This Row],[adres_weergave]],OG_HUIZEN_LIJST!C:C,OG_HUIZEN_LIJST!B:B,"",0) -> 0357 | B9: Akkerweg 41 [038] | C9: JA | D9: Akkerweg 41 [038]
A10: =_xlfn.XLOOKUP(tbl_huizen[[#This Row],[adres_weergave]],OG_HUIZEN_LIJST!C:C,OG_HUIZEN_LIJST!B:B,"",0) -> 0384 | B10: Akkerweg 41 [058] | C10: JA | D10: Akkerweg 41 [058]
A11: =_xlfn.XLOOKUP(tbl_huizen[[#This Row],[adres_weergave]],OG_HUIZEN_LIJST!C:C,OG_HUIZEN_LIJST!B:B,"",0) -> 0101 | B11: Moureauveld 8 | C11: JA | D11: Moureauveld 8
A12: =_xlfn.XLOOKUP(tbl_huizen[[#This Row],[adres_weergave]],OG_HUIZEN_LIJST!C:C,OG_HUIZEN_LIJST!B:B,"",0) -> 0240 | B12: Schoonegge 84 | C12: JA | D12: Schoonegge 84
A13: =_xlfn.XLOOKUP(tbl_huizen[[#This Row],[adres_weergave]],OG_HUIZEN_LIJST!C:C,OG_HUIZEN_LIJST!B:B,"",0) -> 0193 | B13: Kapershoek 11 | C13: JA | D13: Kapershoek 11
... A48: =_xlfn.XLOOKUP(tbl_huizen[[#This Row],[adres_weergave]],OG_HUIZEN_LIJST!C:C,OG_HUIZEN_LIJST!B:B,"",0) -> 0374 | B48: Vierambachtsstraat 32-B01 | C48: JA | D48: Vierambachtsstraat 32-B01

Sheet WONING_CYCLI
A1: cyclus_id | B1: huis_id | C1: adres_weergave | D1: is_actief | E1: klant_type | F1: bestemming | G1: einddatum_huurder | H1: startdatum_nieuwe_huurder | I1: status | J1: laatst_bijgewerkt | K1: interne_opmerking | L1: sleutel_actief | M1: check_voorinspectie_gepland | N1: check_voorinspectie_uitgevoerd | O1: check_uitcheck_gepland | P1: check_uitcheck_uitgevoerd | Q1: check_schoonmaak | R1: check_incheck_gepland | S1: check_incheck_uitgevoerd | T1: foutmelding | U1: Commentaar
A2: C0001 | B2: 0308 | C2: =_xlfn.XLOOKUP(tbl_cycli[[#This Row],[huis_id]],OG_HUIZEN_LIJST!B:B,OG_HUIZEN_LIJST!C:C,"",0) -> Kerkweg 9a [135] | D2: JA | E2: EXTERN | G2: 45804 | I2: NIET_GESTART | J2: 2025-12-19 15:37 | K2: nan | L2: =B2&"|"&D2 -> 0308|JA | M2: =IF(COUNTIFS(tbl_acties[cyclus_id],A2,tbl_acties[actie_type],"VOORINSPECTIE",tbl_acties[gepland_op],"<>")>0,"OK","MIS") -> MIS | N2: =IF(COUNTIFS(tbl_acties[cyclus_id],A2,tbl_acties[actie_type],"VOORINSPECTIE",tbl_acties[uitgevoerd_op],"<>")>0,"OK","MIS") -> MIS | O2: =IF(COUNTIFS(tbl_acties[cyclus_id],A2,tbl_acties[actie_type],"UITCHECK",tbl_acties[gepland_op],"<>")>0,"OK","MIS") -> MIS | P2: =IF(COUNTIFS(tbl_acties[cyclus_id],A2,tbl_acties[actie_type],"UITCHECK",tbl_acties[uitgevoerd_op],"<>",tbl_acties[verwachte_schoonmaak_uren],"<>")>0,"OK","MIS") -> MIS | Q2: =IF(COUNTIFS(tbl_acties[cyclus_id],A2,tbl_acties[actie_type],"SCHOONMAAK",tbl_acties[uitgevoerd_op],"<>",tbl_acties[werkelijke_schoonmaak_uren],"<>")>0,"OK","MIS") -> MIS | R2: =IF(COUNTIFS(tbl_acties[cyclus_id],A2,tbl_acties[actie_type],"INCHECK",tbl_acties[gepland_op],"<>")>0,"OK","MIS") -> MIS | S2: =IF(COUNTIFS(tbl_acties[cyclus_id],A2,tbl_acties[actie_type],"INCHECK",tbl_acties[uitgevoerd_op],"<>",tbl_acties[sleutels_bevestigd],"JA")>0,"OK","MIS") -> MIS | U2: =IF(I2="UITCHECK_UITGEVOERD",IF(P2="OK","","FOUT: uitcheck mist uitgevoerd_op of verwachte uren"),IF(I2="SCHOONMAAK_NODIG",IF(P2="OK","","FOUT: schoonmaak kan pas na uitcheck"),IF(I2="INCHECK_UITGEVOERD",IF(S2="OK","","FOUT: incheck mist sleutelbevestiging/uitgevoerd"),"")))
A3: C0002 | B3: A-0088 | C3: =_xlfn.XLOOKUP(tbl_cycli[[#This Row],[huis_id]],OG_HUIZEN_LIJST!B:B,OG_HUIZEN_LIJST!C:C,"",0) -> Jasmijnring 35 | D3: JA | E3: EXTERN | G3: 45930 | I3: UITCHECK_GEPLAND | J3: 2025-12-19 15:37 | K3: nan | L3: =B3&"|"&D3 -> A-0088|JA | M3: =IF(COUNTIFS(tbl_acties[cyclus_id],A3,tbl_acties[actie_type],"VOORINSPECTIE",tbl_acties[gepland_op],"<>")>0,"OK","MIS") -> MIS | N3: =IF(COUNTIFS(tbl_acties[cyclus_id],A3,tbl_acties[actie_type],"VOORINSPECTIE",tbl_acties[uitgevoerd_op],"<>")>0,"OK","MIS") -> MIS | O3: =IF(COUNTIFS(tbl_acties[cyclus_id],A3,tbl_acties[actie_type],"UITCHECK",tbl_acties[gepland_op],"<>")>0,"OK","MIS") -> OK | P3: =IF(COUNTIFS(tbl_acties[cyclus_id],A3,tbl_acties[actie_type],"UITCHECK",tbl_acties[uitgevoerd_op],"<>",tbl_acties[verwachte_schoonmaak_uren],"<>")>0,"OK","MIS") -> MIS | Q3: =IF(COUNTIFS(tbl_acties[cyclus_id],A3,tbl_acties[actie_type],"SCHOONMAAK",tbl_acties[uitgevoerd_op],"<>",tbl_acties[werkelijke_schoonmaak_uren],"<>")>0,"OK","MIS") -> MIS | R3: =IF(COUNTIFS(tbl_acties[cyclus_id],A3,tbl_acties[actie_type],"INCHECK",tbl_acties[gepland_op],"<>")>0,"OK","MIS") -> MIS | S3: =IF(COUNTIFS(tbl_acties[cyclus_id],A3,tbl_acties[actie_type],"INCHECK",tbl_acties[uitgevoerd_op],"<>",tbl_acties[sleutels_bevestigd],"JA")>0,"OK","MIS") -> MIS | U3: =IF(I3="UITCHECK_UITGEVOERD",IF(P3="OK","","FOUT: uitcheck mist uitgevoerd_op of verwachte uren"),IF(I3="SCHOONMAAK_NODIG",IF(P3="OK","","FOUT: schoonmaak kan pas na uitcheck"),IF(I3="INCHECK_UITGEVOERD",IF(S3="OK","","FOUT: incheck mist sleutelbevestiging/uitgevoerd"),"")))
A4: C0003 | B4: 0368 | C4: =_xlfn.XLOOKUP(tbl_cycli[[#This Row],[huis_id]],OG_HUIZEN_LIJST!B:B,OG_HUIZEN_LIJST!C:C,"",0) -> Wedderweg 3 | D4: JA | E4: EXTERN | G4: 45961 | H4: 07-11 Ana | I4: INCHECK_GEPLAND | J4: 2025-12-19 15:37 | K4: Woensdag 29-10 avond vertrekken de bewoners | L4: =B4&"|"&D4 -> 0368|JA | M4: =IF(COUNTIFS(tbl_acties[cyclus_id],A4,tbl_acties[actie_type],"VOORINSPECTIE",tbl_acties[gepland_op],"<>")>0,"OK","MIS") -> MIS | N4: =IF(COUNTIFS(tbl_acties[cyclus_id],A4,tbl_acties[actie_type],"VOORINSPECTIE",tbl_acties[uitgevoerd_op],"<>")>0,"OK","MIS") -> MIS | O4: =IF(COUNTIFS(tbl_acties[cyclus_id],A4,tbl_acties[actie_type],"UITCHECK",tbl_acties[gepland_op],"<>")>0,"OK","MIS") -> OK | P4: =IF(COUNTIFS(tbl_acties[cyclus_id],A4,tbl_acties[actie_type],"UITCHECK",tbl_acties[uitgevoerd_op],"<>",tbl_acties[verwachte_schoonmaak_uren],"<>")>0,"OK","MIS") -> MIS | Q4: =IF(COUNTIFS(tbl_acties[cyclus_id],A4,tbl_acties[actie_type],"SCHOONMAAK",tbl_acties[uitgevoerd_op],"<>",tbl_acties[werkelijke_schoonmaak_uren],"<>")>0,"OK","MIS") -> MIS | R4: =IF(COUNTIFS(tbl_acties[cyclus_id],A4,tbl_acties[actie_type],"INCHECK",tbl_acties[gepland_op],"<>")>0,"OK","MIS") -> MIS | S4: =IF(COUNTIFS(tbl_acties[cyclus_id],A4,tbl_acties[actie_type],"INCHECK",tbl_acties[uitgevoerd_op],"<>",tbl_acties[sleutels_bevestigd],"JA")>0,"OK","MIS") -> MIS | U4: =IF(I4="UITCHECK_UITGEVOERD",IF(P4="OK","","FOUT: uitcheck mist uitgevoerd_op of verwachte uren"),IF(I4="SCHOONMAAK_NODIG",IF(P4="OK","","FOUT: schoonmaak kan pas na uitcheck"),IF(I4="INCHECK_UITGEVOERD",IF(S4="OK","","FOUT: incheck mist sleutelbevestiging/uitgevoerd"),"")))
A5: C0004 | B5: 0358 | C5: =_xlfn.XLOOKUP(tbl_cycli[[#This Row],[huis_id]],OG_HUIZEN_LIJST!B:B,OG_HUIZEN_LIJST!C:C,"",0) -> Monsterseweg 26A | D5: JA | E5: TRADIRO | G5: 45967 | I5: UITCHECK_GEPLAND | J5: 2025-12-19 15:37 | K5: Gaat deze woning terug naar Tr of naar eigenaar? Christa | L5: =B5&"|"&D5 -> 0358|JA | M5: =IF(COUNTIFS(tbl_acties[cyclus_id],A5,tbl_acties[actie_type],"VOORINSPECTIE",tbl_acties[gepland_op],"<>")>0,"OK","MIS") -> MIS | N5: =IF(COUNTIFS(tbl_acties[cyclus_id],A5,tbl_acties[actie_type],"VOORINSPECTIE",tbl_acties[uitgevoerd_op],"<>")>0,"OK","MIS") -> MIS | O5: =IF(COUNTIFS(tbl_acties[cyclus_id],A5,tbl_acties[actie_type],"UITCHECK",tbl_acties[gepland_op],"<>")>0,"OK","MIS") -> OK | P5: =IF(COUNTIFS(tbl_acties[cyclus_id],A5,tbl_acties[actie_type],"UITCHECK",tbl_acties[uitgevoerd_op],"<>",tbl_acties[verwachte_schoonmaak_uren],"<>")>0,"OK","MIS") -> MIS | Q5: =IF(COUNTIFS(tbl_acties[cyclus_id],A5,tbl_acties[actie_type],"SCHOONMAAK",tbl_acties[uitgevoerd_op],"<>",tbl_acties[werkelijke_schoonmaak_uren],"<>")>0,"OK","MIS") -> MIS | R5: =IF(COUNTIFS(tbl_acties[cyclus_id],A5,tbl_acties[actie_type],"INCHECK",tbl_acties[gepland_op],"<>")>0,"OK","MIS") -> MIS | S5: =IF(COUNTIFS(tbl_acties[cyclus_id],A5,tbl_acties[actie_type],"INCHECK",tbl_acties[uitgevoerd_op],"<>",tbl_acties[sleutels_bevestigd],"JA")>0,"OK","MIS") -> MIS | U5: =IF(I5="UITCHECK_UITGEVOERD",IF(P5="OK","","FOUT: uitcheck mist uitgevoerd_op of verwachte uren"),IF(I5="SCHOONMAAK_NODIG",IF(P5="OK","","FOUT: schoonmaak kan pas na uitcheck"),IF(I5="INCHECK_UITGEVOERD",IF(S5="OK","","FOUT: incheck mist sleutelbevestiging/uitgevoerd"),"")))
A6: C0005 | B6: 0041 | C6: =_xlfn.XLOOKUP(tbl_cycli[[#This Row],[huis_id]],OG_HUIZEN_LIJST!B:B,OG_HUIZEN_LIJST!C:C,"",0) -> Nunspeetlaan 53 | D6: JA | E6: EXTERN | G6: 45989 | I6: UITCHECK_GEPLAND | J6: 2025-12-19 15:37 | K6: woning moet worden leeggehaald | L6: =B6&"|"&D6 -> 0041|JA | M6: =IF(COUNTIFS(tbl_acties[cyclus_id],A6,tbl_acties[actie_type],"VOORINSPECTIE",tbl_acties[gepland_op],"<>")>0,"OK","MIS") -> MIS | N6: =IF(COUNTIFS(tbl_acties[cyclus_id],A6,tbl_acties[actie_type],"VOORINSPECTIE",tbl_acties[uitgevoerd_op],"<>")>0,"OK","MIS") -> MIS | O6: =IF(COUNTIFS(tbl_acties[cyclus_id],A6,tbl_acties[actie_type],"UITCHECK",tbl_acties[gepland_op],"<>")>0,"OK","MIS") -> MIS | P6: =IF(COUNTIFS(tbl_acties[cyclus_id],A6,tbl_acties[actie_type],"UITCHECK",tbl_acties[uitgevoerd_op],"<>",tbl_acties[verwachte_schoonmaak_uren],"<>")>0,"OK","MIS") -> MIS | Q6: =IF(COUNTIFS(tbl_acties[cyclus_id],A6,tbl_acties[actie_type],"SCHOONMAAK",tbl_acties[uitgevoerd_op],"<>",tbl_acties[werkelijke_schoonmaak_uren],"<>")>0,"OK","MIS") -> MIS | R6: =IF(COUNTIFS(tbl_acties[cyclus_id],A6,tbl_acties[actie_type],"INCHECK",tbl_acties[gepland_op],"<>")>0,"OK","MIS") -> MIS | S6: =IF(COUNTIFS(tbl_acties[cyclus_id],A6,tbl_acties[actie_type],"INCHECK",tbl_acties[uitgevoerd_op],"<>",tbl_acties[sleutels_bevestigd],"JA")>0,"OK","MIS") -> MIS | U6: =IF(I6="UITCHECK_UITGEVOERD",IF(P6="OK","","FOUT: uitcheck mist uitgevoerd_op of verwachte uren"),IF(I6="SCHOONMAAK_NODIG",IF(P6="OK","","FOUT: schoonmaak kan pas na uitcheck"),IF(I6="INCHECK_UITGEVOERD",IF(S6="OK","","FOUT: incheck mist sleutelbevestiging/uitgevoerd"),"")))
A7: C0006 | B7: 0295 | C7: =_xlfn.XLOOKUP(tbl_cycli[[#This Row],[huis_id]],OG_HUIZEN_LIJST!B:B,OG_HUIZEN_LIJST!C:C,"",0) -> Akkerweg 41 [018] | D7: JA | E7: EXTERN | G7: 45962 | I7: UITCHECK_GEPLAND | J7: 2025-12-19 15:37 | K7: nan | L7: =B7&"|"&D7 -> 0295|JA | M7: =IF(COUNTIFS(tbl_acties[cyclus_id],A7,tbl_acties[actie_type],"VOORINSPECTIE",tbl_acties[gepland_op],"<>")>0,"OK","MIS") -> MIS | N7: =IF(COUNTIFS(tbl_acties[cyclus_id],A7,tbl_acties[actie_type],"VOORINSPECTIE",tbl_acties[uitgevoerd_op],"<>")>0,"OK","MIS") -> MIS | O7: =IF(COUNTIFS(tbl_acties[cyclus_id],A7,tbl_acties[actie_type],"UITCHECK",tbl_acties[gepland_op],"<>")>0,"OK","MIS") -> OK | P7: =IF(COUNTIFS(tbl_acties[cyclus_id],A7,tbl_acties[actie_type],"UITCHECK",tbl_acties[uitgevoerd_op],"<>",tbl_acties[verwachte_schoonmaak_uren],"<>")>0,"OK","MIS") -> MIS | Q7: =IF(COUNTIFS(tbl_acties[cyclus_id],A7,tbl_acties[actie_type],"SCHOONMAAK",tbl_acties[uitgevoerd_op],"<>",tbl_acties[werkelijke_schoonmaak_uren],"<>")>0,"OK","MIS") -> MIS | R7: =IF(COUNTIFS(tbl_acties[cyclus_id],A7,tbl_acties[actie_type],"INCHECK",tbl_acties[gepland_op],"<>")>0,"OK","MIS") -> MIS | S7: =IF(COUNTIFS(tbl_acties[cyclus_id],A7,tbl_acties[actie_type],"INCHECK",tbl_acties[uitgevoerd_op],"<>",tbl_acties[sleutels_bevestigd],"JA")>0,"OK","MIS") -> MIS | U7: =IF(I7="UITCHECK_UITGEVOERD",IF(P7="OK","","FOUT: uitcheck mist uitgevoerd_op of verwachte uren"),IF(I7="SCHOONMAAK_NODIG",IF(P7="OK","","FOUT: schoonmaak kan pas na uitcheck"),IF(I7="INCHECK_UITGEVOERD",IF(S7="OK","","FOUT: incheck mist sleutelbevestiging/uitgevoerd"),"")))
A8: C0007 | B8: 0300 | C8: =_xlfn.XLOOKUP(tbl_cycli[[#This Row],[huis_id]],OG_HUIZEN_LIJST!B:B,OG_HUIZEN_LIJST!C:C,"",0) -> Akkerweg 41 [040] | D8: JA | E8: EXTERN | G8: 45991 | I8: UITCHECK_GEPLAND | J8: 2025-12-19 15:37 | K8: nan | L8: =B8&"|"&D8 -> 0300|JA | M8: =IF(COUNTIFS(tbl_acties[cyclus_id],A8,tbl_acties[actie_type],"VOORINSPECTIE",tbl_acties[gepland_op],"<>")>0,"OK","MIS") -> MIS | N8: =IF(COUNTIFS(tbl_acties[cyclus_id],A8,tbl_acties[actie_type],"VOORINSPECTIE",tbl_acties[uitgevoerd_op],"<>")>0,"OK","MIS") -> MIS | O8: =IF(COUNTIFS(tbl_acties[cyclus_id],A8,tbl_acties[actie_type],"UITCHECK",tbl_acties[gepland_op],"<>")>0,"OK","MIS") -> OK | P8: =IF(COUNTIFS(tbl_acties[cyclus_id],A8,tbl_acties[actie_type],"UITCHECK",tbl_acties[uitgevoerd_op],"<>",tbl_acties[verwachte_schoonmaak_uren],"<>")>0,"OK","MIS") -> MIS | Q8: =IF(COUNTIFS(tbl_acties[cyclus_id],A8,tbl_acties[actie_type],"SCHOONMAAK",tbl_acties[uitgevoerd_op],"<>",tbl_acties[werkelijke_schoonmaak_uren],"<>")>0,"OK","MIS") -> MIS | R8: =IF(COUNTIFS(tbl_acties[cyclus_id],A8,tbl_acties[actie_type],"INCHECK",tbl_acties[gepland_op],"<>")>0,"OK","MIS") -> MIS | S8: =IF(COUNTIFS(tbl_acties[cyclus_id],A8,tbl_acties[actie_type],"INCHECK",tbl_acties[uitgevoerd_op],"<>",tbl_acties[sleutels_bevestigd],"JA")>0,"OK","MIS") -> MIS | U8: =IF(I8="UITCHECK_UITGEVOERD",IF(P8="OK","","FOUT: uitcheck mist uitgevoerd_op of verwachte uren"),IF(I8="SCHOONMAAK_NODIG",IF(P8="OK","","FOUT: schoonmaak kan pas na uitcheck"),IF(I8="INCHECK_UITGEVOERD",IF(S8="OK","","FOUT: incheck mist sleutelbevestiging/uitgevoerd"),"")))
A9: C0008 | B9: 0357 | C9: =_xlfn.XLOOKUP(tbl_cycli[[#This Row],[huis_id]],OG_HUIZEN_LIJST!B:B,OG_HUIZEN_LIJST!C:C,"",0) -> Akkerweg 41 [038] | D9: JA | E9: EXTERN | G9: 45962 | I9: NIET_GESTART | J9: 2025-12-19 15:37 | K9: nan | L9: =B9&"|"&D9 -> 0357|JA | M9: =IF(COUNTIFS(tbl_acties[cyclus_id],A9,tbl_acties[actie_type],"VOORINSPECTIE",tbl_acties[gepland_op],"<>")>0,"OK","MIS") -> MIS | N9: =IF(COUNTIFS(tbl_acties[cyclus_id],A9,tbl_acties[actie_type],"VOORINSPECTIE",tbl_acties[uitgevoerd_op],"<>")>0,"OK","MIS") -> MIS | O9: =IF(COUNTIFS(tbl_acties[cyclus_id],A9,tbl_acties[actie_type],"UITCHECK",tbl_acties[gepland_op],"<>")>0,"OK","MIS") -> MIS | P9: =IF(COUNTIFS(tbl_acties[cyclus_id],A9,tbl_acties[actie_type],"UITCHECK",tbl_acties[uitgevoerd_op],"<>",tbl_acties[verwachte_schoonmaak_uren],"<>")>0,"OK","MIS") -> MIS | Q9: =IF(COUNTIFS(tbl_acties[cyclus_id],A9,tbl_acties[actie_type],"SCHOONMAAK",tbl_acties[uitgevoerd_op],"<>",tbl_acties[werkelijke_schoonmaak_uren],"<>")>0,"OK","MIS") -> MIS | R9: =IF(COUNTIFS(tbl_acties[cyclus_id],A9,tbl_acties[actie_type],"INCHECK",tbl_acties[gepland_op],"<>")>0,"OK","MIS") -> MIS | S9: =IF(COUNTIFS(tbl_acties[cyclus_id],A9,tbl_acties[actie_type],"INCHECK",tbl_acties[uitgevoerd_op],"<>",tbl_acties[sleutels_bevestigd],"JA")>0,"OK","MIS") -> MIS | U9: =IF(I9="UITCHECK_UITGEVOERD",IF(P9="OK","","FOUT: uitcheck mist uitgevoerd_op of verwachte uren"),IF(I9="SCHOONMAAK_NODIG",IF(P9="OK","","FOUT: schoonmaak kan pas na uitcheck"),IF(I9="INCHECK_UITGEVOERD",IF(S9="OK","","FOUT: incheck mist sleutelbevestiging/uitgevoerd"),"")))
A10: C0009 | B10: 0384 | C10: =_xlfn.XLOOKUP(tbl_cycli[[#This Row],[huis_id]],OG_HUIZEN_LIJST!B:B,OG_HUIZEN_LIJST!C:C,"",0) -> Akkerweg 41 [058] | D10: JA | E10: EXTERN | G10: 45991 | I10: UITCHECK_GEPLAND | J10: 2025-12-19 15:37 | K10: huis is al leeg 30-10. | L10: =B10&"|"&D10 -> 0384|JA | M10: =IF(COUNTIFS(tbl_acties[cyclus_id],A10,tbl_acties[actie_type],"VOORINSPECTIE",tbl_acties[gepland_op],"<>")>0,"OK","MIS") -> MIS | N10: =IF(COUNTIFS(tbl_acties[cyclus_id],A10,tbl_acties[actie_type],"VOORINSPECTIE",tbl_acties[uitgevoerd_op],"<>")>0,"OK","MIS") -> MIS | O10: =IF(COUNTIFS(tbl_acties[cyclus_id],A10,tbl_acties[actie_type],"UITCHECK",tbl_acties[gepland_op],"<>")>0,"OK","MIS") -> OK | P10: =IF(COUNTIFS(tbl_acties[cyclus_id],A10,tbl_acties[actie_type],"UITCHECK",tbl_acties[uitgevoerd_op],"<>",tbl_acties[verwachte_schoonmaak_uren],"<>")>0,"OK","MIS") -> MIS | Q10: =IF(COUNTIFS(tbl_acties[cyclus_id],A10,tbl_acties[actie_type],"SCHOONMAAK",tbl_acties[uitgevoerd_op],"<>",tbl_acties[werkelijke_schoonmaak_uren],"<>")>0,"OK","MIS") -> MIS | R10: =IF(COUNTIFS(tbl_acties[cyclus_id],A10,tbl_acties[actie_type],"INCHECK",tbl_acties[gepland_op],"<>")>0,"OK","MIS") -> MIS | S10: =IF(COUNTIFS(tbl_acties[cyclus_id],A10,tbl_acties[actie_type],"INCHECK",tbl_acties[uitgevoerd_op],"<>",tbl_acties[sleutels_bevestigd],"JA")>0,"OK","MIS") -> MIS | U10: =IF(I10="UITCHECK_UITGEVOERD",IF(P10="OK","","FOUT: uitcheck mist uitgevoerd_op of verwachte uren"),IF(I10="SCHOONMAAK_NODIG",IF(P10="OK","","FOUT: schoonmaak kan pas na uitcheck"),IF(I10="INCHECK_UITGEVOERD",IF(S10="OK","","FOUT: incheck mist sleutelbevestiging/uitgevoerd"),"")))
A11: C0010 | B11: 0101 | C11: =_xlfn.XLOOKUP(tbl_cycli[[#This Row],[huis_id]],OG_HUIZEN_LIJST!B:B,OG_HUIZEN_LIJST!C:C,"",0) -> Moureauveld 8 | D11: JA | E11: EXTERN | G11: 45991 | H11: 45996 | I11: INCHECK_GEPLAND | J11: 2025-12-19 15:37 | K11: nan | L11: =B11&"|"&D11 -> 0101|JA | M11: =IF(COUNTIFS(tbl_acties[cyclus_id],A11,tbl_acties[actie_type],"VOORINSPECTIE",tbl_acties[gepland_op],"<>")>0,"OK","MIS") -> MIS | N11: =IF(COUNTIFS(tbl_acties[cyclus_id],A11,tbl_acties[actie_type],"VOORINSPECTIE",tbl_acties[uitgevoerd_op],"<>")>0,"OK","MIS") -> MIS | O11: =IF(COUNTIFS(tbl_acties[cyclus_id],A11,tbl_acties[actie_type],"UITCHECK",tbl_acties[gepland_op],"<>")>0,"OK","MIS") -> OK | P11: =IF(COUNTIFS(tbl_acties[cyclus_id],A11,tbl_acties[actie_type],"UITCHECK",tbl_acties[uitgevoerd_op],"<>",tbl_acties[verwachte_schoonmaak_uren],"<>")>0,"OK","MIS") -> MIS | Q11: =IF(COUNTIFS(tbl_acties[cyclus_id],A11,tbl_acties[actie_type],"SCHOONMAAK",tbl_acties[uitgevoerd_op],"<>",tbl_acties[werkelijke_schoonmaak_uren],"<>")>0,"OK","MIS") -> MIS | R11: =IF(COUNTIFS(tbl_acties[cyclus_id],A11,tbl_acties[actie_type],"INCHECK",tbl_acties[gepland_op],"<>")>0,"OK","MIS") -> OK | S11: =IF(COUNTIFS(tbl_acties[cyclus_id],A11,tbl_acties[actie_type],"INCHECK",tbl_acties[uitgevoerd_op],"<>",tbl_acties[sleutels_bevestigd],"JA")>0,"OK","MIS") -> MIS | U11: =IF(I11="UITCHECK_UITGEVOERD",IF(P11="OK","","FOUT: uitcheck mist uitgevoerd_op of verwachte uren"),IF(I11="SCHOONMAAK_NODIG",IF(P11="OK","","FOUT: schoonmaak kan pas na uitcheck"),IF(I11="INCHECK_UITGEVOERD",IF(S11="OK","","FOUT: incheck mist sleutelbevestiging/uitgevoerd"),"")))
A12: C0011 | B12: 0240 | C12: =_xlfn.XLOOKUP(tbl_cycli[[#This Row],[huis_id]],OG_HUIZEN_LIJST!B:B,OG_HUIZEN_LIJST!C:C,"",0) -> Schoonegge 84 | D12: JA | E12: TRADIRO | I12: UITCHECK_GEPLAND | J12: 2025-12-19 15:37 | K12: schoonmaak nodig | L12: =B12&"|"&D12 -> 0240|JA | M12: =IF(COUNTIFS(tbl_acties[cyclus_id],A12,tbl_acties[actie_type],"VOORINSPECTIE",tbl_acties[gepland_op],"<>")>0,"OK","MIS") -> OK | N12: =IF(COUNTIFS(tbl_acties[cyclus_id],A12,tbl_acties[actie_type],"VOORINSPECTIE",tbl_acties[uitgevoerd_op],"<>")>0,"OK","MIS") -> MIS | O12: =IF(COUNTIFS(tbl_acties[cyclus_id],A12,tbl_acties[actie_type],"UITCHECK",tbl_acties[gepland_op],"<>")>0,"OK","MIS") -> OK | P12: =IF(COUNTIFS(tbl_acties[cyclus_id],A12,tbl_acties[actie_type],"UITCHECK",tbl_acties[uitgevoerd_op],"<>",tbl_acties[verwachte_schoonmaak_uren],"<>")>0,"OK","MIS") -> MIS | Q12: =IF(COUNTIFS(tbl_acties[cyclus_id],A12,tbl_acties[actie_type],"SCHOONMAAK",tbl_acties[uitgevoerd_op],"<>",tbl_acties[werkelijke_schoonmaak_uren],"<>")>0,"OK","MIS") -> MIS | R12: =IF(COUNTIFS(tbl_acties[cyclus_id],A12,tbl_acties[actie_type],"INCHECK",tbl_acties[gepland_op],"<>")>0,"OK","MIS") -> MIS | S12: =IF(COUNTIFS(tbl_acties[cyclus_id],A12,tbl_acties[actie_type],"INCHECK",tbl_acties[uitgevoerd_op],"<>",tbl_acties[sleutels_bevestigd],"JA")>0,"OK","MIS") -> MIS | U12: =IF(I12="UITCHECK_UITGEVOERD",IF(P12="OK","","FOUT: uitcheck mist uitgevoerd_op of verwachte uren"),IF(I12="SCHOONMAAK_NODIG",IF(P12="OK","","FOUT: schoonmaak kan pas na uitcheck"),IF(I12="INCHECK_UITGEVOERD",IF(S12="OK","","FOUT: incheck mist sleutelbevestiging/uitgevoerd"),"")))
A13: C0012 | B13: 0193 | C13: =_xlfn.XLOOKUP(tbl_cycli[[#This Row],[huis_id]],OG_HUIZEN_LIJST!B:B,OG_HUIZEN_LIJST!C:C,"",0) -> Kapershoek 11 | D13: JA | E13: TRADIRO | H13: 46003 | I13: INCHECK_GEPLAND | J13: 2025-12-19 15:37 | K13: nan | L13: =B13&"|"&D13 -> 0193|JA | M13: =IF(COUNTIFS(tbl_acties[cyclus_id],A13,tbl_acties[actie_type],"VOORINSPECTIE",tbl_acties[gepland_op],"<>")>0,"OK","MIS") -> MIS | N13: =IF(COUNTIFS(tbl_acties[cyclus_id],A13,tbl_acties[actie_type],"VOORINSPECTIE",tbl_acties[uitgevoerd_op],"<>")>0,"OK","MIS") -> MIS | O13: =IF(COUNTIFS(tbl_acties[cyclus_id],A13,tbl_acties[actie_type],"UITCHECK",tbl_acties[gepland_op],"<>")>0,"OK","MIS") -> MIS | P13: =IF(COUNTIFS(tbl_acties[cyclus_id],A13,tbl_acties[actie_type],"UITCHECK",tbl_acties[uitgevoerd_op],"<>",tbl_acties[verwachte_schoonmaak_uren],"<>")>0,"OK","MIS") -> MIS | Q13: =IF(COUNTIFS(tbl_acties[cyclus_id],A13,tbl_acties[actie_type],"SCHOONMAAK",tbl_acties[uitgevoerd_op],"<>",tbl_acties[werkelijke_schoonmaak_uren],"<>")>0,"OK","MIS") -> MIS | R13: =IF(COUNTIFS(tbl_acties[cyclus_id],A13,tbl_acties[actie_type],"INCHECK",tbl_acties[gepland_op],"<>")>0,"OK","MIS") -> OK | S13: =IF(COUNTIFS(tbl_acties[cyclus_id],A13,tbl_acties[actie_type],"INCHECK",tbl_acties[uitgevoerd_op],"<>",tbl_acties[sleutels_bevestigd],"JA")>0,"OK","MIS") -> MIS | U13: =IF(I13="UITCHECK_UITGEVOERD",IF(P13="OK","","FOUT: uitcheck mist uitgevoerd_op of verwachte uren"),IF(I13="SCHOONMAAK_NODIG",IF(P13="OK","","FOUT: schoonmaak kan pas na uitcheck"),IF(I13="INCHECK_UITGEVOERD",IF(S13="OK","","FOUT: incheck mist sleutelbevestiging/uitgevoerd"),"")))
A14: C0013 | B14: 0341 | C14: =_xlfn.XLOOKUP(tbl_cycli[[#This Row],[huis_id]],OG_HUIZEN_LIJST!B:B,OG_HUIZEN_LIJST!C:C,"",0) -> Akkerweg 41 [010] | D14: JA | E14: EXTERN | G14: 45992 | I14: UITCHECK_GEPLAND | J14: 2025-12-19 15:37 | K14: Samen met Ricky met SNF dag? | L14: =B14&"|"&D14 -> 0341|JA | M14: =IF(COUNTIFS(tbl_acties[cyclus_id],A14,tbl_acties[actie_type],"VOORINSPECTIE",tbl_acties[gepland_op],"<>")>0,"OK","MIS") -> MIS | N14: =IF(COUNTIFS(tbl_acties[cyclus_id],A14,tbl_acties[actie_type],"VOORINSPECTIE",tbl_acties[uitgevoerd_op],"<>")>0,"OK","MIS") -> MIS | O14: =IF(COUNTIFS(tbl_acties[cyclus_id],A14,tbl_acties[actie_type],"UITCHECK",tbl_acties[gepland_op],"<>")>0,"OK","MIS") -> OK | P14: =IF(COUNTIFS(tbl_acties[cyclus_id],A14,tbl_acties[actie_type],"UITCHECK",tbl_acties[uitgevoerd_op],"<>",tbl_acties[verwachte_schoonmaak_uren],"<>")>0,"OK","MIS") -> MIS | Q14: =IF(COUNTIFS(tbl_acties[cyclus_id],A14,tbl_acties[actie_type],"SCHOONMAAK",tbl_acties[uitgevoerd_op],"<>",tbl_acties[werkelijke_schoonmaak_uren],"<>")>0,"OK","MIS") -> MIS | R14: =IF(COUNTIFS(tbl_acties[cyclus_id],A14,tbl_acties[actie_type],"INCHECK",tbl_acties[gepland_op],"<>")>0,"OK","MIS") -> MIS | S14: =IF(COUNTIFS(tbl_acties[cyclus_id],A14,tbl_acties[actie_type],"INCHECK",tbl_acties[uitgevoerd_op],"<>",tbl_acties[sleutels_bevestigd],"JA")>0,"OK","MIS") -> MIS | U14: =IF(I14="UITCHECK_UITGEVOERD",IF(P14="OK","","FOUT: uitcheck mist uitgevoerd_op of verwachte uren"),IF(I14="SCHOONMAAK_NODIG",IF(P14="OK","","FOUT: schoonmaak kan pas na uitcheck"),IF(I14="INCHECK_UITGEVOERD",IF(S14="OK","","FOUT: incheck mist sleutelbevestiging/uitgevoerd"),"")))
A15: C0014 | B15: 0342 | C15: =_xlfn.XLOOKUP(tbl_cycli[[#This Row],[huis_id]],OG_HUIZEN_LIJST!B:B,OG_HUIZEN_LIJST!C:C,"",0) -> Akkerweg 41 [016] | D15: JA | E15: EXTERN | G15: 45992 | I15: UITCHECK_GEPLAND | J15: 2025-12-19 15:37 | K15: Samen met Ricky met SNF dag? | L15: =B15&"|"&D15 -> 0342|JA | M15: =IF(COUNTIFS(tbl_acties[cyclus_id],A15,tbl_acties[actie_type],"VOORINSPECTIE",tbl_acties[gepland_op],"<>")>0,"OK","MIS") -> MIS | N15: =IF(COUNTIFS(tbl_acties[cyclus_id],A15,tbl_acties[actie_type],"VOORINSPECTIE",tbl_acties[uitgevoerd_op],"<>")>0,"OK","MIS") -> MIS | O15: =IF(COUNTIFS(tbl_acties[cyclus_id],A15,tbl_acties[actie_type],"UITCHECK",tbl_acties[gepland_op],"<>")>0,"OK","MIS") -> OK | P15: =IF(COUNTIFS(tbl_acties[cyclus_id],A15,tbl_acties[actie_type],"UITCHECK",tbl_acties[uitgevoerd_op],"<>",tbl_acties[verwachte_schoonmaak_uren],"<>")>0,"OK","MIS") -> MIS | Q15: =IF(COUNTIFS(tbl_acties[cyclus_id],A15,tbl_acties[actie_type],"SCHOONMAAK",tbl_acties[uitgevoerd_op],"<>",tbl_acties[werkelijke_schoonmaak_uren],"<>")>0,"OK","MIS") -> MIS | R15: =IF(COUNTIFS(tbl_acties[cyclus_id],A15,tbl_acties[actie_type],"INCHECK",tbl_acties[gepland_op],"<>")>0,"OK","MIS") -> MIS | S15: =IF(COUNTIFS(tbl_acties[cyclus_id],A15,tbl_acties[actie_type],"INCHECK",tbl_acties[uitgevoerd_op],"<>",tbl_acties[sleutels_bevestigd],"JA")>0,"OK","MIS") -> MIS | U15: =IF(I15="UITCHECK_UITGEVOERD",IF(P15="OK","","FOUT: uitcheck mist uitgevoerd_op of verwachte uren"),IF(I15="SCHOONMAAK_NODIG",IF(P15="OK","","FOUT: schoonmaak kan pas na uitcheck"),IF(I15="INCHECK_UITGEVOERD",IF(S15="OK","","FOUT: incheck mist sleutelbevestiging/uitgevoerd"),"")))
A16: C0015 | B16: 0343 | C16: =_xlfn.XLOOKUP(tbl_cycli[[#This Row],[huis_id]],OG_HUIZEN_LIJST!B:B,OG_HUIZEN_LIJST!C:C,"",0) -> Akkerweg 41 [019] | D16: JA | E16: EXTERN | G16: 45992 | I16: UITCHECK_GEPLAND | J16: 2025-12-19 15:37 | K16: Samen met Ricky met SNF dag? | L16: =B16&"|"&D16 -> 0343|JA | M16: =IF(COUNTIFS(tbl_acties[cyclus_id],A16,tbl_acties[actie_type],"VOORINSPECTIE",tbl_acties[gepland_op],"<>")>0,"OK","MIS") -> MIS | N16: =IF(COUNTIFS(tbl_acties[cyclus_id],A16,tbl_acties[actie_type],"VOORINSPECTIE",tbl_acties[uitgevoerd_op],"<>")>0,"OK","MIS") -> MIS | O16: =IF(COUNTIFS(tbl_acties[cyclus_id],A16,tbl_acties[actie_type],"UITCHECK",tbl_acties[gepland_op],"<>")>0,"OK","MIS") -> OK | P16: =IF(COUNTIFS(tbl_acties[cyclus_id],A16,tbl_acties[actie_type],"UITCHECK",tbl_acties[uitgevoerd_op],"<>",tbl_acties[verwachte_schoonmaak_uren],"<>")>0,"OK","MIS") -> MIS | Q16: =IF(COUNTIFS(tbl_acties[cyclus_id],A16,tbl_acties[actie_type],"SCHOONMAAK",tbl_acties[uitgevoerd_op],"<>",tbl_acties[werkelijke_schoonmaak_uren],"<>")>0,"OK","MIS") -> MIS | R16: =IF(COUNTIFS(tbl_acties[cyclus_id],A16,tbl_acties[actie_type],"INCHECK",tbl_acties[gepland_op],"<>")>0,"OK","MIS") -> MIS | S16: =IF(COUNTIFS(tbl_acties[cyclus_id],A16,tbl_acties[actie_type],"INCHECK",tbl_acties[uitgevoerd_op],"<>",tbl_acties[sleutels_bevestigd],"JA")>0,"OK","MIS") -> MIS | U16: =IF(I16="UITCHECK_UITGEVOERD",IF(P16="OK","","FOUT: uitcheck mist uitgevoerd_op of verwachte uren"),IF(I16="SCHOONMAAK_NODIG",IF(P16="OK","","FOUT: schoonmaak kan pas na uitcheck"),IF(I16="INCHECK_UITGEVOERD",IF(S16="OK","","FOUT: incheck mist sleutelbevestiging/uitgevoerd"),"")))
A17: C0016 | B17: 0303 | C17: =_xlfn.XLOOKUP(tbl_cycli[[#This Row],[huis_id]],OG_HUIZEN_LIJST!B:B,OG_HUIZEN_LIJST!C:C,"",0) -> Akkerweg 41 [055] | D17: JA | E17: EXTERN | G17: 45992 | I17: UITCHECK_GEPLAND | J17: 2025-12-19 15:37 | K17: Samen met Ricky met SNF dag? | L17: =B17&"|"&D17 -> 0303|JA | M17: =IF(COUNTIFS(tbl_acties[cyclus_id],A17,tbl_acties[actie_type],"VOORINSPECTIE",tbl_acties[gepland_op],"<>")>0,"OK","MIS") -> MIS | N17: =IF(COUNTIFS(tbl_acties[cyclus_id],A17,tbl_acties[actie_type],"VOORINSPECTIE",tbl_acties[uitgevoerd_op],"<>")>0,"OK","MIS") -> MIS | O17: =IF(COUNTIFS(tbl_acties[cyclus_id],A17,tbl_acties[actie_type],"UITCHECK",tbl_acties[gepland_op],"<>")>0,"OK","MIS") -> OK | P17: =IF(COUNTIFS(tbl_acties[cyclus_id],A17,tbl_acties[actie_type],"UITCHECK",tbl_acties[uitgevoerd_op],"<>",tbl_acties[verwachte_schoonmaak_uren],"<>")>0,"OK","MIS") -> MIS | Q17: =IF(COUNTIFS(tbl_acties[cyclus_id],A17,tbl_acties[actie_type],"SCHOONMAAK",tbl_acties[uitgevoerd_op],"<>",tbl_acties[werkelijke_schoonmaak_uren],"<>")>0,"OK","MIS") -> MIS | R17: =IF(COUNTIFS(tbl_acties[cyclus_id],A17,tbl_acties[actie_type],"INCHECK",tbl_acties[gepland_op],"<>")>0,"OK","MIS") -> MIS | S17: =IF(COUNTIFS(tbl_acties[cyclus_id],A17,tbl_acties[actie_type],"INCHECK",tbl_acties[uitgevoerd_op],"<>",tbl_acties[sleutels_bevestigd],"JA")>0,"OK","MIS") -> MIS | U17: =IF(I17="UITCHECK_UITGEVOERD",IF(P17="OK","","FOUT: uitcheck mist uitgevoerd_op of verwachte uren"),IF(I17="SCHOONMAAK_NODIG",IF(P17="OK","","FOUT: schoonmaak kan pas na uitcheck"),IF(I17="INCHECK_UITGEVOERD",IF(S17="OK","","FOUT: incheck mist sleutelbevestiging/uitgevoerd"),"")))
A18: C0017 | B18: 0304 | C18: =_xlfn.XLOOKUP(tbl_cycli[[#This Row],[huis_id]],OG_HUIZEN_LIJST!B:B,OG_HUIZEN_LIJST!C:C,"",0) -> Akkerweg 41 [056] | D18: JA | E18: EXTERN | G18: 45992 | I18: UITCHECK_GEPLAND | J18: 2025-12-19 15:37 | K18: Samen met Ricky met SNF dag? | L18: =B18&"|"&D18 -> 0304|JA | M18: =IF(COUNTIFS(tbl_acties[cyclus_id],A18,tbl_acties[actie_type],"VOORINSPECTIE",tbl_acties[gepland_op],"<>")>0,"OK","MIS") -> MIS | N18: =IF(COUNTIFS(tbl_acties[cyclus_id],A18,tbl_acties[actie_type],"VOORINSPECTIE",tbl_acties[uitgevoerd_op],"<>")>0,"OK","MIS") -> MIS | O18: =IF(COUNTIFS(tbl_acties[cyclus_id],A18,tbl_acties[actie_type],"UITCHECK",tbl_acties[gepland_op],"<>")>0,"OK","MIS") -> OK | P18: =IF(COUNTIFS(tbl_acties[cyclus_id],A18,tbl_acties[actie_type],"UITCHECK",tbl_acties[uitgevoerd_op],"<>",tbl_acties[verwachte_schoonmaak_uren],"<>")>0,"OK","MIS") -> MIS | Q18: =IF(COUNTIFS(tbl_acties[cyclus_id],A18,tbl_acties[actie_type],"SCHOONMAAK",tbl_acties[uitgevoerd_op],"<>",tbl_acties[werkelijke_schoonmaak_uren],"<>")>0,"OK","MIS") -> MIS | R18: =IF(COUNTIFS(tbl_acties[cyclus_id],A18,tbl_acties[actie_type],"INCHECK",tbl_acties[gepland_op],"<>")>0,"OK","MIS") -> MIS | S18: =IF(COUNTIFS(tbl_acties[cyclus_id],A18,tbl_acties[actie_type],"INCHECK",tbl_acties[uitgevoerd_op],"<>",tbl_acties[sleutels_bevestigd],"JA")>0,"OK","MIS") -> MIS | U18: =IF(I18="UITCHECK_UITGEVOERD",IF(P18="OK","","FOUT: uitcheck mist uitgevoerd_op of verwachte uren"),IF(I18="SCHOONMAAK_NODIG",IF(P18="OK","","FOUT: schoonmaak kan pas na uitcheck"),IF(I18="INCHECK_UITGEVOERD",IF(S18="OK","","FOUT: incheck mist sleutelbevestiging/uitgevoerd"),"")))
A19: C0018 | B19: 0085 | C19: =_xlfn.XLOOKUP(tbl_cycli[[#This Row],[huis_id]],OG_HUIZEN_LIJST!B:B,OG_HUIZEN_LIJST!C:C,"",0) -> Kierkegaardhof 54 | D19: JA | E19: EXTERN | G19: 45994 | H19: 14-11-2025 Jakub | I19: INCHECK_GEPLAND | J19: 2025-12-19 15:37 | K19: met bedlinnen | L19: =B19&"|"&D19 -> 0085|JA | M19: =IF(COUNTIFS(tbl_acties[cyclus_id],A19,tbl_acties[actie_type],"VOORINSPECTIE",tbl_acties[gepland_op],"<>")>0,"OK","MIS") -> MIS | N19: =IF(COUNTIFS(tbl_acties[cyclus_id],A19,tbl_acties[actie_type],"VOORINSPECTIE",tbl_acties[uitgevoerd_op],"<>")>0,"OK","MIS") -> MIS | O19: =IF(COUNTIFS(tbl_acties[cyclus_id],A19,tbl_acties[actie_type],"UITCHECK",tbl_acties[gepland_op],"<>")>0,"OK","MIS") -> OK | P19: =IF(COUNTIFS(tbl_acties[cyclus_id],A19,tbl_acties[actie_type],"UITCHECK",tbl_acties[uitgevoerd_op],"<>",tbl_acties[verwachte_schoonmaak_uren],"<>")>0,"OK","MIS") -> MIS | Q19: =IF(COUNTIFS(tbl_acties[cyclus_id],A19,tbl_acties[actie_type],"SCHOONMAAK",tbl_acties[uitgevoerd_op],"<>",tbl_acties[werkelijke_schoonmaak_uren],"<>")>0,"OK","MIS") -> MIS | R19: =IF(COUNTIFS(tbl_acties[cyclus_id],A19,tbl_acties[actie_type],"INCHECK",tbl_acties[gepland_op],"<>")>0,"OK","MIS") -> MIS | S19: =IF(COUNTIFS(tbl_acties[cyclus_id],A19,tbl_acties[actie_type],"INCHECK",tbl_acties[uitgevoerd_op],"<>",tbl_acties[sleutels_bevestigd],"JA")>0,"OK","MIS") -> MIS | U19: =IF(I19="UITCHECK_UITGEVOERD",IF(P19="OK","","FOUT: uitcheck mist uitgevoerd_op of verwachte uren"),IF(I19="SCHOONMAAK_NODIG",IF(P19="OK","","FOUT: schoonmaak kan pas na uitcheck"),IF(I19="INCHECK_UITGEVOERD",IF(S19="OK","","FOUT: incheck mist sleutelbevestiging/uitgevoerd"),"")))
A20: C0019 | B20: 0361 | C20: =_xlfn.XLOOKUP(tbl_cycli[[#This Row],[huis_id]],OG_HUIZEN_LIJST!B:B,OG_HUIZEN_LIJST!C:C,"",0) -> Putsebocht 136 B01 | D20: JA | E20: TRADIRO | G20: 45996 | I20: NIET_GESTART | J20: 2025-12-19 15:37 | K20: Dion levert op aan eigenaar 05-12, | L20: =B20&"|"&D20 -> 0361|JA | M20: =IF(COUNTIFS(tbl_acties[cyclus_id],A20,tbl_acties[actie_type],"VOORINSPECTIE",tbl_acties[gepland_op],"<>")>0,"OK","MIS") -> MIS | N20: =IF(COUNTIFS(tbl_acties[cyclus_id],A20,tbl_acties[actie_type],"VOORINSPECTIE",tbl_acties[uitgevoerd_op],"<>")>0,"OK","MIS") -> MIS | O20: =IF(COUNTIFS(tbl_acties[cyclus_id],A20,tbl_acties[actie_type],"UITCHECK",tbl_acties[gepland_op],"<>")>0,"OK","MIS") -> MIS | P20: =IF(COUNTIFS(tbl_acties[cyclus_id],A20,tbl_acties[actie_type],"UITCHECK",tbl_acties[uitgevoerd_op],"<>",tbl_acties[verwachte_schoonmaak_uren],"<>")>0,"OK","MIS") -> MIS | Q20: =IF(COUNTIFS(tbl_acties[cyclus_id],A20,tbl_acties[actie_type],"SCHOONMAAK",tbl_acties[uitgevoerd_op],"<>",tbl_acties[werkelijke_schoonmaak_uren],"<>")>0,"OK","MIS") -> MIS | R20: =IF(COUNTIFS(tbl_acties[cyclus_id],A20,tbl_acties[actie_type],"INCHECK",tbl_acties[gepland_op],"<>")>0,"OK","MIS") -> MIS | S20: =IF(COUNTIFS(tbl_acties[cyclus_id],A20,tbl_acties[actie_type],"INCHECK",tbl_acties[uitgevoerd_op],"<>",tbl_acties[sleutels_bevestigd],"JA")>0,"OK","MIS") -> MIS | U20: =IF(I20="UITCHECK_UITGEVOERD",IF(P20="OK","","FOUT: uitcheck mist uitgevoerd_op of verwachte uren"),IF(I20="SCHOONMAAK_NODIG",IF(P20="OK","","FOUT: schoonmaak kan pas na uitcheck"),IF(I20="INCHECK_UITGEVOERD",IF(S20="OK","","FOUT: incheck mist sleutelbevestiging/uitgevoerd"),"")))
A21: C0020 | B21: 0114 | C21: =_xlfn.XLOOKUP(tbl_cycli[[#This Row],[huis_id]],OG_HUIZEN_LIJST!B:B,OG_HUIZEN_LIJST!C:C,"",0) -> Piersonstraat 8 | D21: JA | E21: EXTERN | G21: 46006 | I21: SCHOONMAAK_NODIG | J21: 2025-12-19 15:37 | K21: met bedlinnen voor 3pers, HTC breng de sleutel naar kantoor | L21: =B21&"|"&D21 -> 0114|JA | M21: =IF(COUNTIFS(tbl_acties[cyclus_id],A21,tbl_acties[actie_type],"VOORINSPECTIE",tbl_acties[gepland_op],"<>")>0,"OK","MIS") -> OK | N21: =IF(COUNTIFS(tbl_acties[cyclus_id],A21,tbl_acties[actie_type],"VOORINSPECTIE",tbl_acties[uitgevoerd_op],"<>")>0,"OK","MIS") -> MIS | O21: =IF(COUNTIFS(tbl_acties[cyclus_id],A21,tbl_acties[actie_type],"UITCHECK",tbl_acties[gepland_op],"<>")>0,"OK","MIS") -> OK | P21: =IF(COUNTIFS(tbl_acties[cyclus_id],A21,tbl_acties[actie_type],"UITCHECK",tbl_acties[uitgevoerd_op],"<>",tbl_acties[verwachte_schoonmaak_uren],"<>")>0,"OK","MIS") -> MIS | Q21: =IF(COUNTIFS(tbl_acties[cyclus_id],A21,tbl_acties[actie_type],"SCHOONMAAK",tbl_acties[uitgevoerd_op],"<>",tbl_acties[werkelijke_schoonmaak_uren],"<>")>0,"OK","MIS") -> MIS | R21: =IF(COUNTIFS(tbl_acties[cyclus_id],A21,tbl_acties[actie_type],"INCHECK",tbl_acties[gepland_op],"<>")>0,"OK","MIS") -> MIS | S21: =IF(COUNTIFS(tbl_acties[cyclus_id],A21,tbl_acties[actie_type],"INCHECK",tbl_acties[uitgevoerd_op],"<>",tbl_acties[sleutels_bevestigd],"JA")>0,"OK","MIS") -> MIS | U21: =IF(I21="UITCHECK_UITGEVOERD",IF(P21="OK","","FOUT: uitcheck mist uitgevoerd_op of verwachte uren"),IF(I21="SCHOONMAAK_NODIG",IF(P21="OK","","FOUT: schoonmaak kan pas na uitcheck"),IF(I21="INCHECK_UITGEVOERD",IF(S21="OK","","FOUT: incheck mist sleutelbevestiging/uitgevoerd"),""))) -> FOUT: schoonmaak kan pas na uitcheck
A22: C0021 | B22: 0225 | C22: =_xlfn.XLOOKUP(tbl_cycli[[#This Row],[huis_id]],OG_HUIZEN_LIJST!B:B,OG_HUIZEN_LIJST!C:C,"",0) -> Kerkwerversingel 127 | D22: JA | E22: EXTERN | G22: 46007 | I22: SCHOONMAAK_NODIG | J22: 2025-12-19 15:37 | K22: outcheck is gedaan. Moet het nog leeg? | L22: =B22&"|"&D22 -> 0225|JA | M22: =IF(COUNTIFS(tbl_acties[cyclus_id],A22,tbl_acties[actie_type],"VOORINSPECTIE",tbl_acties[gepland_op],"<>")>0,"OK","MIS") -> MIS | N22: =IF(COUNTIFS(tbl_acties[cyclus_id],A22,tbl_acties[actie_type],"VOORINSPECTIE",tbl_acties[uitgevoerd_op],"<>")>0,"OK","MIS") -> MIS | O22: =IF(COUNTIFS(tbl_acties[cyclus_id],A22,tbl_acties[actie_type],"UITCHECK",tbl_acties[gepland_op],"<>")>0,"OK","MIS") -> OK | P22: =IF(COUNTIFS(tbl_acties[cyclus_id],A22,tbl_acties[actie_type],"UITCHECK",tbl_acties[uitgevoerd_op],"<>",tbl_acties[verwachte_schoonmaak_uren],"<>")>0,"OK","MIS") -> MIS | Q22: =IF(COUNTIFS(tbl_acties[cyclus_id],A22,tbl_acties[actie_type],"SCHOONMAAK",tbl_acties[uitgevoerd_op],"<>",tbl_acties[werkelijke_schoonmaak_uren],"<>")>0,"OK","MIS") -> MIS | R22: =IF(COUNTIFS(tbl_acties[cyclus_id],A22,tbl_acties[actie_type],"INCHECK",tbl_acties[gepland_op],"<>")>0,"OK","MIS") -> MIS | S22: =IF(COUNTIFS(tbl_acties[cyclus_id],A22,tbl_acties[actie_type],"INCHECK",tbl_acties[uitgevoerd_op],"<>",tbl_acties[sleutels_bevestigd],"JA")>0,"OK","MIS") -> MIS | U22: =IF(I22="UITCHECK_UITGEVOERD",IF(P22="OK","","FOUT: uitcheck mist uitgevoerd_op of verwachte uren"),IF(I22="SCHOONMAAK_NODIG",IF(P22="OK","","FOUT: schoonmaak kan pas na uitcheck"),IF(I22="INCHECK_UITGEVOERD",IF(S22="OK","","FOUT: incheck mist sleutelbevestiging/uitgevoerd"),""))) -> FOUT: schoonmaak kan pas na uitcheck
A23: C0022 | B23: 0293 | C23: =_xlfn.XLOOKUP(tbl_cycli[[#This Row],[huis_id]],OG_HUIZEN_LIJST!B:B,OG_HUIZEN_LIJST!C:C,"",0) -> Akkerweg 41 [014] | D23: JA | E23: EXTERN | G23: 46022 | I23: NIET_GESTART | J23: 2025-12-19 15:37 | K23: Via mail aan Chris gevraagd of hij de outcheck kan doen | L23: =B23&"|"&D23 -> 0293|JA | M23: =IF(COUNTIFS(tbl_acties[cyclus_id],A23,tbl_acties[actie_type],"VOORINSPECTIE",tbl_acties[gepland_op],"<>")>0,"OK","MIS") -> MIS | N23: =IF(COUNTIFS(tbl_acties[cyclus_id],A23,tbl_acties[actie_type],"VOORINSPECTIE",tbl_acties[uitgevoerd_op],"<>")>0,"OK","MIS") -> MIS | O23: =IF(COUNTIFS(tbl_acties[cyclus_id],A23,tbl_acties[actie_type],"UITCHECK",tbl_acties[gepland_op],"<>")>0,"OK","MIS") -> MIS | P23: =IF(COUNTIFS(tbl_acties[cyclus_id],A23,tbl_acties[actie_type],"UITCHECK",tbl_acties[uitgevoerd_op],"<>",tbl_acties[verwachte_schoonmaak_uren],"<>")>0,"OK","MIS") -> MIS | Q23: =IF(COUNTIFS(tbl_acties[cyclus_id],A23,tbl_acties[actie_type],"SCHOONMAAK",tbl_acties[uitgevoerd_op],"<>",tbl_acties[werkelijke_schoonmaak_uren],"<>")>0,"OK","MIS") -> MIS | R23: =IF(COUNTIFS(tbl_acties[cyclus_id],A23,tbl_acties[actie_type],"INCHECK",tbl_acties[gepland_op],"<>")>0,"OK","MIS") -> MIS | S23: =IF(COUNTIFS(tbl_acties[cyclus_id],A23,tbl_acties[actie_type],"INCHECK",tbl_acties[uitgevoerd_op],"<>",tbl_acties[sleutels_bevestigd],"JA")>0,"OK","MIS") -> MIS | U23: =IF(I23="UITCHECK_UITGEVOERD",IF(P23="OK","","FOUT: uitcheck mist uitgevoerd_op of verwachte uren"),IF(I23="SCHOONMAAK_NODIG",IF(P23="OK","","FOUT: schoonmaak kan pas na uitcheck"),IF(I23="INCHECK_UITGEVOERD",IF(S23="OK","","FOUT: incheck mist sleutelbevestiging/uitgevoerd"),"")))
A24: C0023 | B24: 0383 | C24: =_xlfn.XLOOKUP(tbl_cycli[[#This Row],[huis_id]],OG_HUIZEN_LIJST!B:B,OG_HUIZEN_LIJST!C:C,"",0) -> Akkerweg 41 [020] | D24: JA | E24: EXTERN | G24: 46022 | I24: NIET_GESTART | J24: 2025-12-19 15:37 | K24: Via mail aan Chris gevraagd of hij de outcheck kan doen | L24: =B24&"|"&D24 -> 0383|JA | M24: =IF(COUNTIFS(tbl_acties[cyclus_id],A24,tbl_acties[actie_type],"VOORINSPECTIE",tbl_acties[gepland_op],"<>")>0,"OK","MIS") -> MIS | N24: =IF(COUNTIFS(tbl_acties[cyclus_id],A24,tbl_acties[actie_type],"VOORINSPECTIE",tbl_acties[uitgevoerd_op],"<>")>0,"OK","MIS") -> MIS | O24: =IF(COUNTIFS(tbl_acties[cyclus_id],A24,tbl_acties[actie_type],"UITCHECK",tbl_acties[gepland_op],"<>")>0,"OK","MIS") -> MIS | P24: =IF(COUNTIFS(tbl_acties[cyclus_id],A24,tbl_acties[actie_type],"UITCHECK",tbl_acties[uitgevoerd_op],"<>",tbl_acties[verwachte_schoonmaak_uren],"<>")>0,"OK","MIS") -> MIS | Q24: =IF(COUNTIFS(tbl_acties[cyclus_id],A24,tbl_acties[actie_type],"SCHOONMAAK",tbl_acties[uitgevoerd_op],"<>",tbl_acties[werkelijke_schoonmaak_uren],"<>")>0,"OK","MIS") -> MIS | R24: =IF(COUNTIFS(tbl_acties[cyclus_id],A24,tbl_acties[actie_type],"INCHECK",tbl_acties[gepland_op],"<>")>0,"OK","MIS") -> MIS | S24: =IF(COUNTIFS(tbl_acties[cyclus_id],A24,tbl_acties[actie_type],"INCHECK",tbl_acties[uitgevoerd_op],"<>",tbl_acties[sleutels_bevestigd],"JA")>0,"OK","MIS") -> MIS | U24: =IF(I24="UITCHECK_UITGEVOERD",IF(P24="OK","","FOUT: uitcheck mist uitgevoerd_op of verwachte uren"),IF(I24="SCHOONMAAK_NODIG",IF(P24="OK","","FOUT: schoonmaak kan pas na uitcheck"),IF(I24="INCHECK_UITGEVOERD",IF(S24="OK","","FOUT: incheck mist sleutelbevestiging/uitgevoerd"),"")))
A25: C0024 | B25: 0302 | C25: =_xlfn.XLOOKUP(tbl_cycli[[#This Row],[huis_id]],OG_HUIZEN_LIJST!B:B,OG_HUIZEN_LIJST!C:C,"",0) -> Akkerweg 41 [042] | D25: JA | E25: EXTERN | G25: 46022 | I25: NIET_GESTART | J25: 2025-12-19 15:37 | K25: Via mail aan Chris gevraagd of hij de outcheck kan doen | L25: =B25&"|"&D25 -> 0302|JA | M25: =IF(COUNTIFS(tbl_acties[cyclus_id],A25,tbl_acties[actie_type],"VOORINSPECTIE",tbl_acties[gepland_op],"<>")>0,"OK","MIS") -> MIS | N25: =IF(COUNTIFS(tbl_acties[cyclus_id],A25,tbl_acties[actie_type],"VOORINSPECTIE",tbl_acties[uitgevoerd_op],"<>")>0,"OK","MIS") -> MIS | O25: =IF(COUNTIFS(tbl_acties[cyclus_id],A25,tbl_acties[actie_type],"UITCHECK",tbl_acties[gepland_op],"<>")>0,"OK","MIS") -> MIS | P25: =IF(COUNTIFS(tbl_acties[cyclus_id],A25,tbl_acties[actie_type],"UITCHECK",tbl_acties[uitgevoerd_op],"<>",tbl_acties[verwachte_schoonmaak_uren],"<>")>0,"OK","MIS") -> MIS | Q25: =IF(COUNTIFS(tbl_acties[cyclus_id],A25,tbl_acties[actie_type],"SCHOONMAAK",tbl_acties[uitgevoerd_op],"<>",tbl_acties[werkelijke_schoonmaak_uren],"<>")>0,"OK","MIS") -> MIS | R25: =IF(COUNTIFS(tbl_acties[cyclus_id],A25,tbl_acties[actie_type],"INCHECK",tbl_acties[gepland_op],"<>")>0,"OK","MIS") -> MIS | S25: =IF(COUNTIFS(tbl_acties[cyclus_id],A25,tbl_acties[actie_type],"INCHECK",tbl_acties[uitgevoerd_op],"<>",tbl_acties[sleutels_bevestigd],"JA")>0,"OK","MIS") -> MIS | U25: =IF(I25="UITCHECK_UITGEVOERD",IF(P25="OK","","FOUT: uitcheck mist uitgevoerd_op of verwachte uren"),IF(I25="SCHOONMAAK_NODIG",IF(P25="OK","","FOUT: schoonmaak kan pas na uitcheck"),IF(I25="INCHECK_UITGEVOERD",IF(S25="OK","","FOUT: incheck mist sleutelbevestiging/uitgevoerd"),"")))
A26: C0025 | B26: 0089 | C26: =_xlfn.XLOOKUP(tbl_cycli[[#This Row],[huis_id]],OG_HUIZEN_LIJST!B:B,OG_HUIZEN_LIJST!C:C,"",0) -> Van Maanenstraat 14A | D26: JA | E26: EXTERN | G26: 46011 | I26: SCHOONMAAK_NODIG | J26: 2025-12-19 15:37 | K26: Eigenaar is gemaild voor sleutel overdracht | L26: =B26&"|"&D26 -> 0089|JA | M26: =IF(COUNTIFS(tbl_acties[cyclus_id],A26,tbl_acties[actie_type],"VOORINSPECTIE",tbl_acties[gepland_op],"<>")>0,"OK","MIS") -> MIS | N26: =IF(COUNTIFS(tbl_acties[cyclus_id],A26,tbl_acties[actie_type],"VOORINSPECTIE",tbl_acties[uitgevoerd_op],"<>")>0,"OK","MIS") -> MIS | O26: =IF(COUNTIFS(tbl_acties[cyclus_id],A26,tbl_acties[actie_type],"UITCHECK",tbl_acties[gepland_op],"<>")>0,"OK","MIS") -> OK | P26: =IF(COUNTIFS(tbl_acties[cyclus_id],A26,tbl_acties[actie_type],"UITCHECK",tbl_acties[uitgevoerd_op],"<>",tbl_acties[verwachte_schoonmaak_uren],"<>")>0,"OK","MIS") -> MIS | Q26: =IF(COUNTIFS(tbl_acties[cyclus_id],A26,tbl_acties[actie_type],"SCHOONMAAK",tbl_acties[uitgevoerd_op],"<>",tbl_acties[werkelijke_schoonmaak_uren],"<>")>0,"OK","MIS") -> MIS | R26: =IF(COUNTIFS(tbl_acties[cyclus_id],A26,tbl_acties[actie_type],"INCHECK",tbl_acties[gepland_op],"<>")>0,"OK","MIS") -> MIS | S26: =IF(COUNTIFS(tbl_acties[cyclus_id],A26,tbl_acties[actie_type],"INCHECK",tbl_acties[uitgevoerd_op],"<>",tbl_acties[sleutels_bevestigd],"JA")>0,"OK","MIS") -> MIS | U26: =IF(I26="UITCHECK_UITGEVOERD",IF(P26="OK","","FOUT: uitcheck mist uitgevoerd_op of verwachte uren"),IF(I26="SCHOONMAAK_NODIG",IF(P26="OK","","FOUT: schoonmaak kan pas na uitcheck"),IF(I26="INCHECK_UITGEVOERD",IF(S26="OK","","FOUT: incheck mist sleutelbevestiging/uitgevoerd"),""))) -> FOUT: schoonmaak kan pas na uitcheck
A27: C0026 | B27: 0117 | C27: =_xlfn.XLOOKUP(tbl_cycli[[#This Row],[huis_id]],OG_HUIZEN_LIJST!B:B,OG_HUIZEN_LIJST!C:C,"",0) -> Prunuslaan 36 | D27: JA | E27: EXTERN | G27: 46018 | I27: NIET_GESTART | J27: 2025-12-19 15:37 | K27: Christa? | L27: =B27&"|"&D27 -> 0117|JA | M27: =IF(COUNTIFS(tbl_acties[cyclus_id],A27,tbl_acties[actie_type],"VOORINSPECTIE",tbl_acties[gepland_op],"<>")>0,"OK","MIS") -> MIS | N27: =IF(COUNTIFS(tbl_acties[cyclus_id],A27,tbl_acties[actie_type],"VOORINSPECTIE",tbl_acties[uitgevoerd_op],"<>")>0,"OK","MIS") -> MIS | O27: =IF(COUNTIFS(tbl_acties[cyclus_id],A27,tbl_acties[actie_type],"UITCHECK",tbl_acties[gepland_op],"<>")>0,"OK","MIS") -> MIS | P27: =IF(COUNTIFS(tbl_acties[cyclus_id],A27,tbl_acties[actie_type],"UITCHECK",tbl_acties[uitgevoerd_op],"<>",tbl_acties[verwachte_schoonmaak_uren],"<>")>0,"OK","MIS") -> MIS | Q27: =IF(COUNTIFS(tbl_acties[cyclus_id],A27,tbl_acties[actie_type],"SCHOONMAAK",tbl_acties[uitgevoerd_op],"<>",tbl_acties[werkelijke_schoonmaak_uren],"<>")>0,"OK","MIS") -> MIS | R27: =IF(COUNTIFS(tbl_acties[cyclus_id],A27,tbl_acties[actie_type],"INCHECK",tbl_acties[gepland_op],"<>")>0,"OK","MIS") -> MIS | S27: =IF(COUNTIFS(tbl_acties[cyclus_id],A27,tbl_acties[actie_type],"INCHECK",tbl_acties[uitgevoerd_op],"<>",tbl_acties[sleutels_bevestigd],"JA")>0,"OK","MIS") -> MIS | U27: =IF(I27="UITCHECK_UITGEVOERD",IF(P27="OK","","FOUT: uitcheck mist uitgevoerd_op of verwachte uren"),IF(I27="SCHOONMAAK_NODIG",IF(P27="OK","","FOUT: schoonmaak kan pas na uitcheck"),IF(I27="INCHECK_UITGEVOERD",IF(S27="OK","","FOUT: incheck mist sleutelbevestiging/uitgevoerd"),"")))
A28: C0027 | B28: 0322 | C28: =_xlfn.XLOOKUP(tbl_cycli[[#This Row],[huis_id]],OG_HUIZEN_LIJST!B:B,OG_HUIZEN_LIJST!C:C,"",0) -> Bettingeslag 10 | D28: JA | E28: EXTERN | G28: 46019 | I28: NIET_GESTART | J28: 2025-12-19 15:37 | K28: Christa? | L28: =B28&"|"&D28 -> 0322|JA | M28: =IF(COUNTIFS(tbl_acties[cyclus_id],A28,tbl_acties[actie_type],"VOORINSPECTIE",tbl_acties[gepland_op],"<>")>0,"OK","MIS") -> MIS | N28: =IF(COUNTIFS(tbl_acties[cyclus_id],A28,tbl_acties[actie_type],"VOORINSPECTIE",tbl_acties[uitgevoerd_op],"<>")>0,"OK","MIS") -> MIS | O28: =IF(COUNTIFS(tbl_acties[cyclus_id],A28,tbl_acties[actie_type],"UITCHECK",tbl_acties[gepland_op],"<>")>0,"OK","MIS") -> MIS | P28: =IF(COUNTIFS(tbl_acties[cyclus_id],A28,tbl_acties[actie_type],"UITCHECK",tbl_acties[uitgevoerd_op],"<>",tbl_acties[verwachte_schoonmaak_uren],"<>")>0,"OK","MIS") -> MIS | Q28: =IF(COUNTIFS(tbl_acties[cyclus_id],A28,tbl_acties[actie_type],"SCHOONMAAK",tbl_acties[uitgevoerd_op],"<>",tbl_acties[werkelijke_schoonmaak_uren],"<>")>0,"OK","MIS") -> MIS | R28: =IF(COUNTIFS(tbl_acties[cyclus_id],A28,tbl_acties[actie_type],"INCHECK",tbl_acties[gepland_op],"<>")>0,"OK","MIS") -> MIS | S28: =IF(COUNTIFS(tbl_acties[cyclus_id],A28,tbl_acties[actie_type],"INCHECK",tbl_acties[uitgevoerd_op],"<>",tbl_acties[sleutels_bevestigd],"JA")>0,"OK","MIS") -> MIS | U28: =IF(I28="UITCHECK_UITGEVOERD",IF(P28="OK","","FOUT: uitcheck mist uitgevoerd_op of verwachte uren"),IF(I28="SCHOONMAAK_NODIG",IF(P28="OK","","FOUT: schoonmaak kan pas na uitcheck"),IF(I28="INCHECK_UITGEVOERD",IF(S28="OK","","FOUT: incheck mist sleutelbevestiging/uitgevoerd"),"")))
A29: C0028 | B29: 0126 | C29: =_xlfn.XLOOKUP(tbl_cycli[[#This Row],[huis_id]],OG_HUIZEN_LIJST!B:B,OG_HUIZEN_LIJST!C:C,"",0) -> Korte Singelstraat 21-2 | D29: JA | E29: EXTERN | G29: 46022 | I29: SCHOONMAAK_NODIG | J29: 2025-12-19 15:37 | K29: nan | L29: =B29&"|"&D29 -> 0126|JA | M29: =IF(COUNTIFS(tbl_acties[cyclus_id],A29,tbl_acties[actie_type],"VOORINSPECTIE",tbl_acties[gepland_op],"<>")>0,"OK","MIS") -> MIS | N29: =IF(COUNTIFS(tbl_acties[cyclus_id],A29,tbl_acties[actie_type],"VOORINSPECTIE",tbl_acties[uitgevoerd_op],"<>")>0,"OK","MIS") -> MIS | O29: =IF(COUNTIFS(tbl_acties[cyclus_id],A29,tbl_acties[actie_type],"UITCHECK",tbl_acties[gepland_op],"<>")>0,"OK","MIS") -> OK | P29: =IF(COUNTIFS(tbl_acties[cyclus_id],A29,tbl_acties[actie_type],"UITCHECK",tbl_acties[uitgevoerd_op],"<>",tbl_acties[verwachte_schoonmaak_uren],"<>")>0,"OK","MIS") -> MIS | Q29: =IF(COUNTIFS(tbl_acties[cyclus_id],A29,tbl_acties[actie_type],"SCHOONMAAK",tbl_acties[uitgevoerd_op],"<>",tbl_acties[werkelijke_schoonmaak_uren],"<>")>0,"OK","MIS") -> MIS | R29: =IF(COUNTIFS(tbl_acties[cyclus_id],A29,tbl_acties[actie_type],"INCHECK",tbl_acties[gepland_op],"<>")>0,"OK","MIS") -> MIS | S29: =IF(COUNTIFS(tbl_acties[cyclus_id],A29,tbl_acties[actie_type],"INCHECK",tbl_acties[uitgevoerd_op],"<>",tbl_acties[sleutels_bevestigd],"JA")>0,"OK","MIS") -> MIS | U29: =IF(I29="UITCHECK_UITGEVOERD",IF(P29="OK","","FOUT: uitcheck mist uitgevoerd_op of verwachte uren"),IF(I29="SCHOONMAAK_NODIG",IF(P29="OK","","FOUT: schoonmaak kan pas na uitcheck"),IF(I29="INCHECK_UITGEVOERD",IF(S29="OK","","FOUT: incheck mist sleutelbevestiging/uitgevoerd"),""))) -> FOUT: schoonmaak kan pas na uitcheck
A30: C0029 | B30: 0126 | C30: =_xlfn.XLOOKUP(tbl_cycli[[#This Row],[huis_id]],OG_HUIZEN_LIJST!B:B,OG_HUIZEN_LIJST!C:C,"",0) -> Korte Singelstraat 21-2 | D30: JA | E30: EXTERN | G30: 46022 | I30: SCHOONMAAK_NODIG | J30: 2025-12-19 15:37 | L30: =B30&"|"&D30 -> 0126|JA | M30: =IF(COUNTIFS(tbl_acties[cyclus_id],A30,tbl_acties[actie_type],"VOORINSPECTIE",tbl_acties[gepland_op],"<>")>0,"OK","MIS") -> MIS | N30: =IF(COUNTIFS(tbl_acties[cyclus_id],A30,tbl_acties[actie_type],"VOORINSPECTIE",tbl_acties[uitgevoerd_op],"<>")>0,"OK","MIS") -> MIS | O30: =IF(COUNTIFS(tbl_acties[cyclus_id],A30,tbl_acties[actie_type],"UITCHECK",tbl_acties[gepland_op],"<>")>0,"OK","MIS") -> MIS | P30: =IF(COUNTIFS(tbl_acties[cyclus_id],A30,tbl_acties[actie_type],"UITCHECK",tbl_acties[uitgevoerd_op],"<>",tbl_acties[verwachte_schoonmaak_uren],"<>")>0,"OK","MIS") -> MIS | Q30: =IF(COUNTIFS(tbl_acties[cyclus_id],A30,tbl_acties[actie_type],"SCHOONMAAK",tbl_acties[uitgevoerd_op],"<>",tbl_acties[werkelijke_schoonmaak_uren],"<>")>0,"OK","MIS") -> MIS | R30: =IF(COUNTIFS(tbl_acties[cyclus_id],A30,tbl_acties[actie_type],"INCHECK",tbl_acties[gepland_op],"<>")>0,"OK","MIS") -> MIS | S30: =IF(COUNTIFS(tbl_acties[cyclus_id],A30,tbl_acties[actie_type],"INCHECK",tbl_acties[uitgevoerd_op],"<>",tbl_acties[sleutels_bevestigd],"JA")>0,"OK","MIS") -> MIS | U30: =IF(I30="UITCHECK_UITGEVOERD",IF(P30="OK","","FOUT: uitcheck mist uitgevoerd_op of verwachte uren"),IF(I30="SCHOONMAAK_NODIG",IF(P30="OK","","FOUT: schoonmaak kan pas na uitcheck"),IF(I30="INCHECK_UITGEVOERD",IF(S30="OK","","FOUT: incheck mist sleutelbevestiging/uitgevoerd"),""))) -> FOUT: schoonmaak kan pas na uitcheck
A31: C0030 | B31: 0110 | C31: =_xlfn.XLOOKUP(tbl_cycli[[#This Row],[huis_id]],OG_HUIZEN_LIJST!B:B,OG_HUIZEN_LIJST!C:C,"",0) -> Opaal 9 | D31: JA | E31: EXTERN | G31: 46022 | I31: SCHOONMAAK_NODIG | J31: 2025-12-19 15:37 | K31: nan | L31: =B31&"|"&D31 -> 0110|JA | M31: =IF(COUNTIFS(tbl_acties[cyclus_id],A31,tbl_acties[actie_type],"VOORINSPECTIE",tbl_acties[gepland_op],"<>")>0,"OK","MIS") -> MIS | N31: =IF(COUNTIFS(tbl_acties[cyclus_id],A31,tbl_acties[actie_type],"VOORINSPECTIE",tbl_acties[uitgevoerd_op],"<>")>0,"OK","MIS") -> MIS | O31: =IF(COUNTIFS(tbl_acties[cyclus_id],A31,tbl_acties[actie_type],"UITCHECK",tbl_acties[gepland_op],"<>")>0,"OK","MIS") -> OK | P31: =IF(COUNTIFS(tbl_acties[cyclus_id],A31,tbl_acties[actie_type],"UITCHECK",tbl_acties[uitgevoerd_op],"<>",tbl_acties[verwachte_schoonmaak_uren],"<>")>0,"OK","MIS") -> MIS | Q31: =IF(COUNTIFS(tbl_acties[cyclus_id],A31,tbl_acties[actie_type],"SCHOONMAAK",tbl_acties[uitgevoerd_op],"<>",tbl_acties[werkelijke_schoonmaak_uren],"<>")>0,"OK","MIS") -> MIS | R31: =IF(COUNTIFS(tbl_acties[cyclus_id],A31,tbl_acties[actie_type],"INCHECK",tbl_acties[gepland_op],"<>")>0,"OK","MIS") -> MIS | S31: =IF(COUNTIFS(tbl_acties[cyclus_id],A31,tbl_acties[actie_type],"INCHECK",tbl_acties[uitgevoerd_op],"<>",tbl_acties[sleutels_bevestigd],"JA")>0,"OK","MIS") -> MIS | U31: =IF(I31="UITCHECK_UITGEVOERD",IF(P31="OK","","FOUT: uitcheck mist uitgevoerd_op of verwachte uren"),IF(I31="SCHOONMAAK_NODIG",IF(P31="OK","","FOUT: schoonmaak kan pas na uitcheck"),IF(I31="INCHECK_UITGEVOERD",IF(S31="OK","","FOUT: incheck mist sleutelbevestiging/uitgevoerd"),""))) -> FOUT: schoonmaak kan pas na uitcheck
A32: C0031 | B32: 0141 | C32: =_xlfn.XLOOKUP(tbl_cycli[[#This Row],[huis_id]],OG_HUIZEN_LIJST!B:B,OG_HUIZEN_LIJST!C:C,"",0) -> Wilhelminastraat 8 | D32: JA | E32: EXTERN | G32: 46022 | I32: SCHOONMAAK_NODIG | J32: 2025-12-19 15:37 | K32: nan | L32: =B32&"|"&D32 -> 0141|JA | M32: =IF(COUNTIFS(tbl_acties[cyclus_id],A32,tbl_acties[actie_type],"VOORINSPECTIE",tbl_acties[gepland_op],"<>")>0,"OK","MIS") -> MIS | N32: =IF(COUNTIFS(tbl_acties[cyclus_id],A32,tbl_acties[actie_type],"VOORINSPECTIE",tbl_acties[uitgevoerd_op],"<>")>0,"OK","MIS") -> MIS | O32: =IF(COUNTIFS(tbl_acties[cyclus_id],A32,tbl_acties[actie_type],"UITCHECK",tbl_acties[gepland_op],"<>")>0,"OK","MIS") -> OK | P32: =IF(COUNTIFS(tbl_acties[cyclus_id],A32,tbl_acties[actie_type],"UITCHECK",tbl_acties[uitgevoerd_op],"<>",tbl_acties[verwachte_schoonmaak_uren],"<>")>0,"OK","MIS") -> MIS | Q32: =IF(COUNTIFS(tbl_acties[cyclus_id],A32,tbl_acties[actie_type],"SCHOONMAAK",tbl_acties[uitgevoerd_op],"<>",tbl_acties[werkelijke_schoonmaak_uren],"<>")>0,"OK","MIS") -> MIS | R32: =IF(COUNTIFS(tbl_acties[cyclus_id],A32,tbl_acties[actie_type],"INCHECK",tbl_acties[gepland_op],"<>")>0,"OK","MIS") -> MIS | S32: =IF(COUNTIFS(tbl_acties[cyclus_id],A32,tbl_acties[actie_type],"INCHECK",tbl_acties[uitgevoerd_op],"<>",tbl_acties[sleutels_bevestigd],"JA")>0,"OK","MIS") -> MIS | U32: =IF(I32="UITCHECK_UITGEVOERD",IF(P32="OK","","FOUT: uitcheck mist uitgevoerd_op of verwachte uren"),IF(I32="SCHOONMAAK_NODIG",IF(P32="OK","","FOUT: schoonmaak kan pas na uitcheck"),IF(I32="INCHECK_UITGEVOERD",IF(S32="OK","","FOUT: incheck mist sleutelbevestiging/uitgevoerd"),""))) -> FOUT: schoonmaak kan pas na uitcheck
A33: C0032 | B33: 0365 | C33: =_xlfn.XLOOKUP(tbl_cycli[[#This Row],[huis_id]],OG_HUIZEN_LIJST!B:B,OG_HUIZEN_LIJST!C:C,"",0) -> Laan op Zuid 949 | D33: JA | E33: EXTERN | G33: 46022 | I33: SCHOONMAAK_NODIG | J33: 2025-12-19 15:37 | K33: nan | L33: =B33&"|"&D33 -> 0365|JA | M33: =IF(COUNTIFS(tbl_acties[cyclus_id],A33,tbl_acties[actie_type],"VOORINSPECTIE",tbl_acties[gepland_op],"<>")>0,"OK","MIS") -> MIS | N33: =IF(COUNTIFS(tbl_acties[cyclus_id],A33,tbl_acties[actie_type],"VOORINSPECTIE",tbl_acties[uitgevoerd_op],"<>")>0,"OK","MIS") -> MIS | O33: =IF(COUNTIFS(tbl_acties[cyclus_id],A33,tbl_acties[actie_type],"UITCHECK",tbl_acties[gepland_op],"<>")>0,"OK","MIS") -> OK | P33: =IF(COUNTIFS(tbl_acties[cyclus_id],A33,tbl_acties[actie_type],"UITCHECK",tbl_acties[uitgevoerd_op],"<>",tbl_acties[verwachte_schoonmaak_uren],"<>")>0,"OK","MIS") -> MIS | Q33: =IF(COUNTIFS(tbl_acties[cyclus_id],A33,tbl_acties[actie_type],"SCHOONMAAK",tbl_acties[uitgevoerd_op],"<>",tbl_acties[werkelijke_schoonmaak_uren],"<>")>0,"OK","MIS") -> MIS | R33: =IF(COUNTIFS(tbl_acties[cyclus_id],A33,tbl_acties[actie_type],"INCHECK",tbl_acties[gepland_op],"<>")>0,"OK","MIS") -> MIS | S33: =IF(COUNTIFS(tbl_acties[cyclus_id],A33,tbl_acties[actie_type],"INCHECK",tbl_acties[uitgevoerd_op],"<>",tbl_acties[sleutels_bevestigd],"JA")>0,"OK","MIS") -> MIS | U33: =IF(I33="UITCHECK_UITGEVOERD",IF(P33="OK","","FOUT: uitcheck mist uitgevoerd_op of verwachte uren"),IF(I33="SCHOONMAAK_NODIG",IF(P33="OK","","FOUT: schoonmaak kan pas na uitcheck"),IF(I33="INCHECK_UITGEVOERD",IF(S33="OK","","FOUT: incheck mist sleutelbevestiging/uitgevoerd"),""))) -> FOUT: schoonmaak kan pas na uitcheck
A34: C0033 | B34: 0144 | C34: =_xlfn.XLOOKUP(tbl_cycli[[#This Row],[huis_id]],OG_HUIZEN_LIJST!B:B,OG_HUIZEN_LIJST!C:C,"",0) -> Scheepjesbrug 433 | D34: JA | E34: EXTERN | G34: 46022 | I34: SCHOONMAAK_NODIG | J34: 2025-12-19 15:37 | K34: nan | L34: =B34&"|"&D34 -> 0144|JA | M34: =IF(COUNTIFS(tbl_acties[cyclus_id],A34,tbl_acties[actie_type],"VOORINSPECTIE",tbl_acties[gepland_op],"<>")>0,"OK","MIS") -> MIS | N34: =IF(COUNTIFS(tbl_acties[cyclus_id],A34,tbl_acties[actie_type],"VOORINSPECTIE",tbl_acties[uitgevoerd_op],"<>")>0,"OK","MIS") -> MIS | O34: =IF(COUNTIFS(tbl_acties[cyclus_id],A34,tbl_acties[actie_type],"UITCHECK",tbl_acties[gepland_op],"<>")>0,"OK","MIS") -> OK | P34: =IF(COUNTIFS(tbl_acties[cyclus_id],A34,tbl_acties[actie_type],"UITCHECK",tbl_acties[uitgevoerd_op],"<>",tbl_acties[verwachte_schoonmaak_uren],"<>")>0,"OK","MIS") -> MIS | Q34: =IF(COUNTIFS(tbl_acties[cyclus_id],A34,tbl_acties[actie_type],"SCHOONMAAK",tbl_acties[uitgevoerd_op],"<>",tbl_acties[werkelijke_schoonmaak_uren],"<>")>0,"OK","MIS") -> MIS | R34: =IF(COUNTIFS(tbl_acties[cyclus_id],A34,tbl_acties[actie_type],"INCHECK",tbl_acties[gepland_op],"<>")>0,"OK","MIS") -> MIS | S34: =IF(COUNTIFS(tbl_acties[cyclus_id],A34,tbl_acties[actie_type],"INCHECK",tbl_acties[uitgevoerd_op],"<>",tbl_acties[sleutels_bevestigd],"JA")>0,"OK","MIS") -> MIS | U34: =IF(I34="UITCHECK_UITGEVOERD",IF(P34="OK","","FOUT: uitcheck mist uitgevoerd_op of verwachte uren"),IF(I34="SCHOONMAAK_NODIG",IF(P34="OK","","FOUT: schoonmaak kan pas na uitcheck"),IF(I34="INCHECK_UITGEVOERD",IF(S34="OK","","FOUT: incheck mist sleutelbevestiging/uitgevoerd"),""))) -> FOUT: schoonmaak kan pas na uitcheck
A35: C0034 | B35: 0331 | C35: =_xlfn.XLOOKUP(tbl_cycli[[#This Row],[huis_id]],OG_HUIZEN_LIJST!B:B,OG_HUIZEN_LIJST!C:C,"",0) -> Flankstraat 11 | D35: JA | E35: EXTERN | G35: 46022 | I35: SCHOONMAAK_NODIG | J35: 2025-12-19 15:37 | K35: nan | L35: =B35&"|"&D35 -> 0331|JA | M35: =IF(COUNTIFS(tbl_acties[cyclus_id],A35,tbl_acties[actie_type],"VOORINSPECTIE",tbl_acties[gepland_op],"<>")>0,"OK","MIS") -> MIS | N35: =IF(COUNTIFS(tbl_acties[cyclus_id],A35,tbl_acties[actie_type],"VOORINSPECTIE",tbl_acties[uitgevoerd_op],"<>")>0,"OK","MIS") -> MIS | O35: =IF(COUNTIFS(tbl_acties[cyclus_id],A35,tbl_acties[actie_type],"UITCHECK",tbl_acties[gepland_op],"<>")>0,"OK","MIS") -> OK | P35: =IF(COUNTIFS(tbl_acties[cyclus_id],A35,tbl_acties[actie_type],"UITCHECK",tbl_acties[uitgevoerd_op],"<>",tbl_acties[verwachte_schoonmaak_uren],"<>")>0,"OK","MIS") -> MIS | Q35: =IF(COUNTIFS(tbl_acties[cyclus_id],A35,tbl_acties[actie_type],"SCHOONMAAK",tbl_acties[uitgevoerd_op],"<>",tbl_acties[werkelijke_schoonmaak_uren],"<>")>0,"OK","MIS") -> MIS | R35: =IF(COUNTIFS(tbl_acties[cyclus_id],A35,tbl_acties[actie_type],"INCHECK",tbl_acties[gepland_op],"<>")>0,"OK","MIS") -> MIS | S35: =IF(COUNTIFS(tbl_acties[cyclus_id],A35,tbl_acties[actie_type],"INCHECK",tbl_acties[uitgevoerd_op],"<>",tbl_acties[sleutels_bevestigd],"JA")>0,"OK","MIS") -> MIS | U35: =IF(I35="UITCHECK_UITGEVOERD",IF(P35="OK","","FOUT: uitcheck mist uitgevoerd_op of verwachte uren"),IF(I35="SCHOONMAAK_NODIG",IF(P35="OK","","FOUT: schoonmaak kan pas na uitcheck"),IF(I35="INCHECK_UITGEVOERD",IF(S35="OK","","FOUT: incheck mist sleutelbevestiging/uitgevoerd"),""))) -> FOUT: schoonmaak kan pas na uitcheck
A36: C0035 | B36: 0242 | C36: =_xlfn.XLOOKUP(tbl_cycli[[#This Row],[huis_id]],OG_HUIZEN_LIJST!B:B,OG_HUIZEN_LIJST!C:C,"",0) -> Sint Liduinastraat 76 A | D36: JA | E36: TRADIRO | G36: 46022 | I36: SCHOONMAAK_NODIG | J36: 2025-12-19 15:37 | K36: Eigenaar is gemaild | L36: =B36&"|"&D36 -> 0242|JA | M36: =IF(COUNTIFS(tbl_acties[cyclus_id],A36,tbl_acties[actie_type],"VOORINSPECTIE",tbl_acties[gepland_op],"<>")>0,"OK","MIS") -> MIS | N36: =IF(COUNTIFS(tbl_acties[cyclus_id],A36,tbl_acties[actie_type],"VOORINSPECTIE",tbl_acties[uitgevoerd_op],"<>")>0,"OK","MIS") -> MIS | O36: =IF(COUNTIFS(tbl_acties[cyclus_id],A36,tbl_acties[actie_type],"UITCHECK",tbl_acties[gepland_op],"<>")>0,"OK","MIS") -> OK | P36: =IF(COUNTIFS(tbl_acties[cyclus_id],A36,tbl_acties[actie_type],"UITCHECK",tbl_acties[uitgevoerd_op],"<>",tbl_acties[verwachte_schoonmaak_uren],"<>")>0,"OK","MIS") -> MIS | Q36: =IF(COUNTIFS(tbl_acties[cyclus_id],A36,tbl_acties[actie_type],"SCHOONMAAK",tbl_acties[uitgevoerd_op],"<>",tbl_acties[werkelijke_schoonmaak_uren],"<>")>0,"OK","MIS") -> MIS | R36: =IF(COUNTIFS(tbl_acties[cyclus_id],A36,tbl_acties[actie_type],"INCHECK",tbl_acties[gepland_op],"<>")>0,"OK","MIS") -> MIS | S36: =IF(COUNTIFS(tbl_acties[cyclus_id],A36,tbl_acties[actie_type],"INCHECK",tbl_acties[uitgevoerd_op],"<>",tbl_acties[sleutels_bevestigd],"JA")>0,"OK","MIS") -> MIS | U36: =IF(I36="UITCHECK_UITGEVOERD",IF(P36="OK","","FOUT: uitcheck mist uitgevoerd_op of verwachte uren"),IF(I36="SCHOONMAAK_NODIG",IF(P36="OK","","FOUT: schoonmaak kan pas na uitcheck"),IF(I36="INCHECK_UITGEVOERD",IF(S36="OK","","FOUT: incheck mist sleutelbevestiging/uitgevoerd"),""))) -> FOUT: schoonmaak kan pas na uitcheck
A37: C0036 | B37: 0199 | C37: =_xlfn.XLOOKUP(tbl_cycli[[#This Row],[huis_id]],OG_HUIZEN_LIJST!B:B,OG_HUIZEN_LIJST!C:C,"",0) -> Kerstendijk 125 | D37: JA | E37: EXTERN | G37: 46022 | I37: SCHOONMAAK_NODIG | J37: 2025-12-19 15:37 | K37: nan | L37: =B37&"|"&D37 -> 0199|JA | M37: =IF(COUNTIFS(tbl_acties[cyclus_id],A37,tbl_acties[actie_type],"VOORINSPECTIE",tbl_acties[gepland_op],"<>")>0,"OK","MIS") -> MIS | N37: =IF(COUNTIFS(tbl_acties[cyclus_id],A37,tbl_acties[actie_type],"VOORINSPECTIE",tbl_acties[uitgevoerd_op],"<>")>0,"OK","MIS") -> MIS | O37: =IF(COUNTIFS(tbl_acties[cyclus_id],A37,tbl_acties[actie_type],"UITCHECK",tbl_acties[gepland_op],"<>")>0,"OK","MIS") -> OK | P37: =IF(COUNTIFS(tbl_acties[cyclus_id],A37,tbl_acties[actie_type],"UITCHECK",tbl_acties[uitgevoerd_op],"<>",tbl_acties[verwachte_schoonmaak_uren],"<>")>0,"OK","MIS") -> MIS | Q37: =IF(COUNTIFS(tbl_acties[cyclus_id],A37,tbl_acties[actie_type],"SCHOONMAAK",tbl_acties[uitgevoerd_op],"<>",tbl_acties[werkelijke_schoonmaak_uren],"<>")>0,"OK","MIS") -> MIS | R37: =IF(COUNTIFS(tbl_acties[cyclus_id],A37,tbl_acties[actie_type],"INCHECK",tbl_acties[gepland_op],"<>")>0,"OK","MIS") -> MIS | S37: =IF(COUNTIFS(tbl_acties[cyclus_id],A37,tbl_acties[actie_type],"INCHECK",tbl_acties[uitgevoerd_op],"<>",tbl_acties[sleutels_bevestigd],"JA")>0,"OK","MIS") -> MIS | U37: =IF(I37="UITCHECK_UITGEVOERD",IF(P37="OK","","FOUT: uitcheck mist uitgevoerd_op of verwachte uren"),IF(I37="SCHOONMAAK_NODIG",IF(P37="OK","","FOUT: schoonmaak kan pas na uitcheck"),IF(I37="INCHECK_UITGEVOERD",IF(S37="OK","","FOUT: incheck mist sleutelbevestiging/uitgevoerd"),""))) -> FOUT: schoonmaak kan pas na uitcheck
A38: C0037 | B38: 0337 | C38: =_xlfn.XLOOKUP(tbl_cycli[[#This Row],[huis_id]],OG_HUIZEN_LIJST!B:B,OG_HUIZEN_LIJST!C:C,"",0) -> Kruisweg 16 | D38: JA | E38: TRADIRO | G38: 46022 | I38: SCHOONMAAK_NODIG | J38: 2025-12-19 15:37 | K38: nan | L38: =B38&"|"&D38 -> 0337|JA | M38: =IF(COUNTIFS(tbl_acties[cyclus_id],A38,tbl_acties[actie_type],"VOORINSPECTIE",tbl_acties[gepland_op],"<>")>0,"OK","MIS") -> MIS | N38: =IF(COUNTIFS(tbl_acties[cyclus_id],A38,tbl_acties[actie_type],"VOORINSPECTIE",tbl_acties[uitgevoerd_op],"<>")>0,"OK","MIS") -> MIS | O38: =IF(COUNTIFS(tbl_acties[cyclus_id],A38,tbl_acties[actie_type],"UITCHECK",tbl_acties[gepland_op],"<>")>0,"OK","MIS") -> OK | P38: =IF(COUNTIFS(tbl_acties[cyclus_id],A38,tbl_acties[actie_type],"UITCHECK",tbl_acties[uitgevoerd_op],"<>",tbl_acties[verwachte_schoonmaak_uren],"<>")>0,"OK","MIS") -> MIS | Q38: =IF(COUNTIFS(tbl_acties[cyclus_id],A38,tbl_acties[actie_type],"SCHOONMAAK",tbl_acties[uitgevoerd_op],"<>",tbl_acties[werkelijke_schoonmaak_uren],"<>")>0,"OK","MIS") -> MIS | R38: =IF(COUNTIFS(tbl_acties[cyclus_id],A38,tbl_acties[actie_type],"INCHECK",tbl_acties[gepland_op],"<>")>0,"OK","MIS") -> MIS | S38: =IF(COUNTIFS(tbl_acties[cyclus_id],A38,tbl_acties[actie_type],"INCHECK",tbl_acties[uitgevoerd_op],"<>",tbl_acties[sleutels_bevestigd],"JA")>0,"OK","MIS") -> MIS | U38: =IF(I38="UITCHECK_UITGEVOERD",IF(P38="OK","","FOUT: uitcheck mist uitgevoerd_op of verwachte uren"),IF(I38="SCHOONMAAK_NODIG",IF(P38="OK","","FOUT: schoonmaak kan pas na uitcheck"),IF(I38="INCHECK_UITGEVOERD",IF(S38="OK","","FOUT: incheck mist sleutelbevestiging/uitgevoerd"),""))) -> FOUT: schoonmaak kan pas na uitcheck
A39: C0038 | B39: 0336 | C39: =_xlfn.XLOOKUP(tbl_cycli[[#This Row],[huis_id]],OG_HUIZEN_LIJST!B:B,OG_HUIZEN_LIJST!C:C,"",0) -> Ofwegen 1A | D39: JA | E39: TRADIRO | G39: 46022 | I39: SCHOONMAAK_NODIG | J39: 2025-12-19 15:37 | K39: nan | L39: =B39&"|"&D39 -> 0336|JA | M39: =IF(COUNTIFS(tbl_acties[cyclus_id],A39,tbl_acties[actie_type],"VOORINSPECTIE",tbl_acties[gepland_op],"<>")>0,"OK","MIS") -> MIS | N39: =IF(COUNTIFS(tbl_acties[cyclus_id],A39,tbl_acties[actie_type],"VOORINSPECTIE",tbl_acties[uitgevoerd_op],"<>")>0,"OK","MIS") -> MIS | O39: =IF(COUNTIFS(tbl_acties[cyclus_id],A39,tbl_acties[actie_type],"UITCHECK",tbl_acties[gepland_op],"<>")>0,"OK","MIS") -> OK | P39: =IF(COUNTIFS(tbl_acties[cyclus_id],A39,tbl_acties[actie_type],"UITCHECK",tbl_acties[uitgevoerd_op],"<>",tbl_acties[verwachte_schoonmaak_uren],"<>")>0,"OK","MIS") -> MIS | Q39: =IF(COUNTIFS(tbl_acties[cyclus_id],A39,tbl_acties[actie_type],"SCHOONMAAK",tbl_acties[uitgevoerd_op],"<>",tbl_acties[werkelijke_schoonmaak_uren],"<>")>0,"OK","MIS") -> MIS | R39: =IF(COUNTIFS(tbl_acties[cyclus_id],A39,tbl_acties[actie_type],"INCHECK",tbl_acties[gepland_op],"<>")>0,"OK","MIS") -> MIS | S39: =IF(COUNTIFS(tbl_acties[cyclus_id],A39,tbl_acties[actie_type],"INCHECK",tbl_acties[uitgevoerd_op],"<>",tbl_acties[sleutels_bevestigd],"JA")>0,"OK","MIS") -> MIS | U39: =IF(I39="UITCHECK_UITGEVOERD",IF(P39="OK","","FOUT: uitcheck mist uitgevoerd_op of verwachte uren"),IF(I39="SCHOONMAAK_NODIG",IF(P39="OK","","FOUT: schoonmaak kan pas na uitcheck"),IF(I39="INCHECK_UITGEVOERD",IF(S39="OK","","FOUT: incheck mist sleutelbevestiging/uitgevoerd"),""))) -> FOUT: schoonmaak kan pas na uitcheck
A40: C0039 | B40: 0240 | C40: =_xlfn.XLOOKUP(tbl_cycli[[#This Row],[huis_id]],OG_HUIZEN_LIJST!B:B,OG_HUIZEN_LIJST!C:C,"",0) -> Schoonegge 84 | D40: JA | G40: 46034 | I40: SCHOONMAAK_NODIG | J40: 2025-12-19 15:37 | K40: 29-12 pre met eigenaar | L40: =B40&"|"&D40 -> 0240|JA | M40: =IF(COUNTIFS(tbl_acties[cyclus_id],A40,tbl_acties[actie_type],"VOORINSPECTIE",tbl_acties[gepland_op],"<>")>0,"OK","MIS") -> MIS | N40: =IF(COUNTIFS(tbl_acties[cyclus_id],A40,tbl_acties[actie_type],"VOORINSPECTIE",tbl_acties[uitgevoerd_op],"<>")>0,"OK","MIS") -> MIS | O40: =IF(COUNTIFS(tbl_acties[cyclus_id],A40,tbl_acties[actie_type],"UITCHECK",tbl_acties[gepland_op],"<>")>0,"OK","MIS") -> MIS | P40: =IF(COUNTIFS(tbl_acties[cyclus_id],A40,tbl_acties[actie_type],"UITCHECK",tbl_acties[uitgevoerd_op],"<>",tbl_acties[verwachte_schoonmaak_uren],"<>")>0,"OK","MIS") -> MIS | Q40: =IF(COUNTIFS(tbl_acties[cyclus_id],A40,tbl_acties[actie_type],"SCHOONMAAK",tbl_acties[uitgevoerd_op],"<>",tbl_acties[werkelijke_schoonmaak_uren],"<>")>0,"OK","MIS") -> MIS | R40: =IF(COUNTIFS(tbl_acties[cyclus_id],A40,tbl_acties[actie_type],"INCHECK",tbl_acties[gepland_op],"<>")>0,"OK","MIS") -> MIS | S40: =IF(COUNTIFS(tbl_acties[cyclus_id],A40,tbl_acties[actie_type],"INCHECK",tbl_acties[uitgevoerd_op],"<>",tbl_acties[sleutels_bevestigd],"JA")>0,"OK","MIS") -> MIS | U40: =IF(I40="UITCHECK_UITGEVOERD",IF(P40="OK","","FOUT: uitcheck mist uitgevoerd_op of verwachte uren"),IF(I40="SCHOONMAAK_NODIG",IF(P40="OK","","FOUT: schoonmaak kan pas na uitcheck"),IF(I40="INCHECK_UITGEVOERD",IF(S40="OK","","FOUT: incheck mist sleutelbevestiging/uitgevoerd"),""))) -> FOUT: schoonmaak kan pas na uitcheck
A41: C0040 | B41: 0370 | C41: =_xlfn.XLOOKUP(tbl_cycli[[#This Row],[huis_id]],OG_HUIZEN_LIJST!B:B,OG_HUIZEN_LIJST!C:C,"",0) -> Cloosterstraat 23A | D41: JA | E41: TRADIRO | G41: 46006 | I41: NIET_GESTART | J41: 2025-12-19 15:37 | K41: nan | L41: =B41&"|"&D41 -> 0370|JA | M41: =IF(COUNTIFS(tbl_acties[cyclus_id],A41,tbl_acties[actie_type],"VOORINSPECTIE",tbl_acties[gepland_op],"<>")>0,"OK","MIS") -> MIS | N41: =IF(COUNTIFS(tbl_acties[cyclus_id],A41,tbl_acties[actie_type],"VOORINSPECTIE",tbl_acties[uitgevoerd_op],"<>")>0,"OK","MIS") -> MIS | O41: =IF(COUNTIFS(tbl_acties[cyclus_id],A41,tbl_acties[actie_type],"UITCHECK",tbl_acties[gepland_op],"<>")>0,"OK","MIS") -> MIS | P41: =IF(COUNTIFS(tbl_acties[cyclus_id],A41,tbl_acties[actie_type],"UITCHECK",tbl_acties[uitgevoerd_op],"<>",tbl_acties[verwachte_schoonmaak_uren],"<>")>0,"OK","MIS") -> MIS | Q41: =IF(COUNTIFS(tbl_acties[cyclus_id],A41,tbl_acties[actie_type],"SCHOONMAAK",tbl_acties[uitgevoerd_op],"<>",tbl_acties[werkelijke_schoonmaak_uren],"<>")>0,"OK","MIS") -> MIS | R41: =IF(COUNTIFS(tbl_acties[cyclus_id],A41,tbl_acties[actie_type],"INCHECK",tbl_acties[gepland_op],"<>")>0,"OK","MIS") -> MIS | S41: =IF(COUNTIFS(tbl_acties[cyclus_id],A41,tbl_acties[actie_type],"INCHECK",tbl_acties[uitgevoerd_op],"<>",tbl_acties[sleutels_bevestigd],"JA")>0,"OK","MIS") -> MIS | U41: =IF(I41="UITCHECK_UITGEVOERD",IF(P41="OK","","FOUT: uitcheck mist uitgevoerd_op of verwachte uren"),IF(I41="SCHOONMAAK_NODIG",IF(P41="OK","","FOUT: schoonmaak kan pas na uitcheck"),IF(I41="INCHECK_UITGEVOERD",IF(S41="OK","","FOUT: incheck mist sleutelbevestiging/uitgevoerd"),"")))
A42: C0041 | B42: 0177 | C42: =_xlfn.XLOOKUP(tbl_cycli[[#This Row],[huis_id]],OG_HUIZEN_LIJST!B:B,OG_HUIZEN_LIJST!C:C,"",0) -> Hoge Noordweg 27B | D42: JA | E42: TRADIRO | G42: 46003 | I42: NIET_GESTART | J42: 2025-12-19 15:37 | K42: nan | L42: =B42&"|"&D42 -> 0177|JA | M42: =IF(COUNTIFS(tbl_acties[cyclus_id],A42,tbl_acties[actie_type],"VOORINSPECTIE",tbl_acties[gepland_op],"<>")>0,"OK","MIS") -> MIS | N42: =IF(COUNTIFS(tbl_acties[cyclus_id],A42,tbl_acties[actie_type],"VOORINSPECTIE",tbl_acties[uitgevoerd_op],"<>")>0,"OK","MIS") -> MIS | O42: =IF(COUNTIFS(tbl_acties[cyclus_id],A42,tbl_acties[actie_type],"UITCHECK",tbl_acties[gepland_op],"<>")>0,"OK","MIS") -> MIS | P42: =IF(COUNTIFS(tbl_acties[cyclus_id],A42,tbl_acties[actie_type],"UITCHECK",tbl_acties[uitgevoerd_op],"<>",tbl_acties[verwachte_schoonmaak_uren],"<>")>0,"OK","MIS") -> MIS | Q42: =IF(COUNTIFS(tbl_acties[cyclus_id],A42,tbl_acties[actie_type],"SCHOONMAAK",tbl_acties[uitgevoerd_op],"<>",tbl_acties[werkelijke_schoonmaak_uren],"<>")>0,"OK","MIS") -> MIS | R42: =IF(COUNTIFS(tbl_acties[cyclus_id],A42,tbl_acties[actie_type],"INCHECK",tbl_acties[gepland_op],"<>")>0,"OK","MIS") -> MIS | S42: =IF(COUNTIFS(tbl_acties[cyclus_id],A42,tbl_acties[actie_type],"INCHECK",tbl_acties[uitgevoerd_op],"<>",tbl_acties[sleutels_bevestigd],"JA")>0,"OK","MIS") -> MIS | U42: =IF(I42="UITCHECK_UITGEVOERD",IF(P42="OK","","FOUT: uitcheck mist uitgevoerd_op of verwachte uren"),IF(I42="SCHOONMAAK_NODIG",IF(P42="OK","","FOUT: schoonmaak kan pas na uitcheck"),IF(I42="INCHECK_UITGEVOERD",IF(S42="OK","","FOUT: incheck mist sleutelbevestiging/uitgevoerd"),"")))
A43: C0042 | B43: 0173 | C43: =_xlfn.XLOOKUP(tbl_cycli[[#This Row],[huis_id]],OG_HUIZEN_LIJST!B:B,OG_HUIZEN_LIJST!C:C,"",0) -> Groeneweg 71 | D43: JA | E43: TRADIRO | G43: 46006 | I43: NIET_GESTART | J43: 2025-12-19 15:37 | K43: nan | L43: =B43&"|"&D43 -> 0173|JA | M43: =IF(COUNTIFS(tbl_acties[cyclus_id],A43,tbl_acties[actie_type],"VOORINSPECTIE",tbl_acties[gepland_op],"<>")>0,"OK","MIS") -> MIS | N43: =IF(COUNTIFS(tbl_acties[cyclus_id],A43,tbl_acties[actie_type],"VOORINSPECTIE",tbl_acties[uitgevoerd_op],"<>")>0,"OK","MIS") -> MIS | O43: =IF(COUNTIFS(tbl_acties[cyclus_id],A43,tbl_acties[actie_type],"UITCHECK",tbl_acties[gepland_op],"<>")>0,"OK","MIS") -> MIS | P43: =IF(COUNTIFS(tbl_acties[cyclus_id],A43,tbl_acties[actie_type],"UITCHECK",tbl_acties[uitgevoerd_op],"<>",tbl_acties[verwachte_schoonmaak_uren],"<>")>0,"OK","MIS") -> MIS | Q43: =IF(COUNTIFS(tbl_acties[cyclus_id],A43,tbl_acties[actie_type],"SCHOONMAAK",tbl_acties[uitgevoerd_op],"<>",tbl_acties[werkelijke_schoonmaak_uren],"<>")>0,"OK","MIS") -> MIS | R43: =IF(COUNTIFS(tbl_acties[cyclus_id],A43,tbl_acties[actie_type],"INCHECK",tbl_acties[gepland_op],"<>")>0,"OK","MIS") -> MIS | S43: =IF(COUNTIFS(tbl_acties[cyclus_id],A43,tbl_acties[actie_type],"INCHECK",tbl_acties[uitgevoerd_op],"<>",tbl_acties[sleutels_bevestigd],"JA")>0,"OK","MIS") -> MIS | U43: =IF(I43="UITCHECK_UITGEVOERD",IF(P43="OK","","FOUT: uitcheck mist uitgevoerd_op of verwachte uren"),IF(I43="SCHOONMAAK_NODIG",IF(P43="OK","","FOUT: schoonmaak kan pas na uitcheck"),IF(I43="INCHECK_UITGEVOERD",IF(S43="OK","","FOUT: incheck mist sleutelbevestiging/uitgevoerd"),"")))
A44: C0043 | B44: 0391 | C44: =_xlfn.XLOOKUP(tbl_cycli[[#This Row],[huis_id]],OG_HUIZEN_LIJST!B:B,OG_HUIZEN_LIJST!C:C,"",0) -> Industriestraat 9 | D44: JA | H44: 46023 | I44: INCHECK_GEPLAND | J44: 2025-12-19 15:37 | K44: nieuw adres | L44: =B44&"|"&D44 -> 0391|JA | M44: =IF(COUNTIFS(tbl_acties[cyclus_id],A44,tbl_acties[actie_type],"VOORINSPECTIE",tbl_acties[gepland_op],"<>")>0,"OK","MIS") -> OK | N44: =IF(COUNTIFS(tbl_acties[cyclus_id],A44,tbl_acties[actie_type],"VOORINSPECTIE",tbl_acties[uitgevoerd_op],"<>")>0,"OK","MIS") -> MIS | O44: =IF(COUNTIFS(tbl_acties[cyclus_id],A44,tbl_acties[actie_type],"UITCHECK",tbl_acties[gepland_op],"<>")>0,"OK","MIS") -> MIS | P44: =IF(COUNTIFS(tbl_acties[cyclus_id],A44,tbl_acties[actie_type],"UITCHECK",tbl_acties[uitgevoerd_op],"<>",tbl_acties[verwachte_schoonmaak_uren],"<>")>0,"OK","MIS") -> MIS | Q44: =IF(COUNTIFS(tbl_acties[cyclus_id],A44,tbl_acties[actie_type],"SCHOONMAAK",tbl_acties[uitgevoerd_op],"<>",tbl_acties[werkelijke_schoonmaak_uren],"<>")>0,"OK","MIS") -> MIS | R44: =IF(COUNTIFS(tbl_acties[cyclus_id],A44,tbl_acties[actie_type],"INCHECK",tbl_acties[gepland_op],"<>")>0,"OK","MIS") -> OK | S44: =IF(COUNTIFS(tbl_acties[cyclus_id],A44,tbl_acties[actie_type],"INCHECK",tbl_acties[uitgevoerd_op],"<>",tbl_acties[sleutels_bevestigd],"JA")>0,"OK","MIS") -> MIS | U44: =IF(I44="UITCHECK_UITGEVOERD",IF(P44="OK","","FOUT: uitcheck mist uitgevoerd_op of verwachte uren"),IF(I44="SCHOONMAAK_NODIG",IF(P44="OK","","FOUT: schoonmaak kan pas na uitcheck"),IF(I44="INCHECK_UITGEVOERD",IF(S44="OK","","FOUT: incheck mist sleutelbevestiging/uitgevoerd"),"")))
A45: C0044 | B45: 0212 | C45: =_xlfn.XLOOKUP(tbl_cycli[[#This Row],[huis_id]],OG_HUIZEN_LIJST!B:B,OG_HUIZEN_LIJST!C:C,"",0) -> Wijngaard 66 | D45: JA | E45: EXTERN | H45: 46038 | I45: INCHECK_GEPLAND | J45: 2025-12-19 15:37 | K45: Zonder bedlinnen | L45: =B45&"|"&D45 -> 0212|JA | M45: =IF(COUNTIFS(tbl_acties[cyclus_id],A45,tbl_acties[actie_type],"VOORINSPECTIE",tbl_acties[gepland_op],"<>")>0,"OK","MIS") -> MIS | N45: =IF(COUNTIFS(tbl_acties[cyclus_id],A45,tbl_acties[actie_type],"VOORINSPECTIE",tbl_acties[uitgevoerd_op],"<>")>0,"OK","MIS") -> MIS | O45: =IF(COUNTIFS(tbl_acties[cyclus_id],A45,tbl_acties[actie_type],"UITCHECK",tbl_acties[gepland_op],"<>")>0,"OK","MIS") -> OK | P45: =IF(COUNTIFS(tbl_acties[cyclus_id],A45,tbl_acties[actie_type],"UITCHECK",tbl_acties[uitgevoerd_op],"<>",tbl_acties[verwachte_schoonmaak_uren],"<>")>0,"OK","MIS") -> MIS | Q45: =IF(COUNTIFS(tbl_acties[cyclus_id],A45,tbl_acties[actie_type],"SCHOONMAAK",tbl_acties[uitgevoerd_op],"<>",tbl_acties[werkelijke_schoonmaak_uren],"<>")>0,"OK","MIS") -> MIS | R45: =IF(COUNTIFS(tbl_acties[cyclus_id],A45,tbl_acties[actie_type],"INCHECK",tbl_acties[gepland_op],"<>")>0,"OK","MIS") -> OK | S45: =IF(COUNTIFS(tbl_acties[cyclus_id],A45,tbl_acties[actie_type],"INCHECK",tbl_acties[uitgevoerd_op],"<>",tbl_acties[sleutels_bevestigd],"JA")>0,"OK","MIS") -> MIS | U45: =IF(I45="UITCHECK_UITGEVOERD",IF(P45="OK","","FOUT: uitcheck mist uitgevoerd_op of verwachte uren"),IF(I45="SCHOONMAAK_NODIG",IF(P45="OK","","FOUT: schoonmaak kan pas na uitcheck"),IF(I45="INCHECK_UITGEVOERD",IF(S45="OK","","FOUT: incheck mist sleutelbevestiging/uitgevoerd"),"")))
A46: C0045 | B46: 0374 | C46: =_xlfn.XLOOKUP(tbl_cycli[[#This Row],[huis_id]],OG_HUIZEN_LIJST!B:B,OG_HUIZEN_LIJST!C:C,"",0) -> Vierambachtsstraat 32-B01 | D46: JA | E46: EXTERN | G46: 46030 | I46: NIET_GESTART | J46: 2025-12-19 15:37 | K46: nan | L46: =B46&"|"&D46 -> 0374|JA | M46: =IF(COUNTIFS(tbl_acties[cyclus_id],A46,tbl_acties[actie_type],"VOORINSPECTIE",tbl_acties[gepland_op],"<>")>0,"OK","MIS") -> MIS | N46: =IF(COUNTIFS(tbl_acties[cyclus_id],A46,tbl_acties[actie_type],"VOORINSPECTIE",tbl_acties[uitgevoerd_op],"<>")>0,"OK","MIS") -> MIS | O46: =IF(COUNTIFS(tbl_acties[cyclus_id],A46,tbl_acties[actie_type],"UITCHECK",tbl_acties[gepland_op],"<>")>0,"OK","MIS") -> MIS | P46: =IF(COUNTIFS(tbl_acties[cyclus_id],A46,tbl_acties[actie_type],"UITCHECK",tbl_acties[uitgevoerd_op],"<>",tbl_acties[verwachte_schoonmaak_uren],"<>")>0,"OK","MIS") -> MIS | Q46: =IF(COUNTIFS(tbl_acties[cyclus_id],A46,tbl_acties[actie_type],"SCHOONMAAK",tbl_acties[uitgevoerd_op],"<>",tbl_acties[werkelijke_schoonmaak_uren],"<>")>0,"OK","MIS") -> MIS | R46: =IF(COUNTIFS(tbl_acties[cyclus_id],A46,tbl_acties[actie_type],"INCHECK",tbl_acties[gepland_op],"<>")>0,"OK","MIS") -> MIS | S46: =IF(COUNTIFS(tbl_acties[cyclus_id],A46,tbl_acties[actie_type],"INCHECK",tbl_acties[uitgevoerd_op],"<>",tbl_acties[sleutels_bevestigd],"JA")>0,"OK","MIS") -> MIS | U46: =IF(I46="UITCHECK_UITGEVOERD",IF(P46="OK","","FOUT: uitcheck mist uitgevoerd_op of verwachte uren"),IF(I46="SCHOONMAAK_NODIG",IF(P46="OK","","FOUT: schoonmaak kan pas na uitcheck"),IF(I46="INCHECK_UITGEVOERD",IF(S46="OK","","FOUT: incheck mist sleutelbevestiging/uitgevoerd"),"")))
A47: C0046 | B47: 0345 | C47: =_xlfn.XLOOKUP(tbl_cycli[[#This Row],[huis_id]],OG_HUIZEN_LIJST!B:B,OG_HUIZEN_LIJST!C:C,"",0) -> Compierekade 15 | D47: JA | L47: =B47&"|"&D47 -> 0345|JA | M47: =IF(COUNTIFS(tbl_acties[cyclus_id],A47,tbl_acties[actie_type],"VOORINSPECTIE",tbl_acties[gepland_op],"<>")>0,"OK","MIS") -> MIS | N47: =IF(COUNTIFS(tbl_acties[cyclus_id],A47,tbl_acties[actie_type],"VOORINSPECTIE",tbl_acties[uitgevoerd_op],"<>")>0,"OK","MIS") -> MIS | O47: =IF(COUNTIFS(tbl_acties[cyclus_id],A47,tbl_acties[actie_type],"UITCHECK",tbl_acties[gepland_op],"<>")>0,"OK","MIS") -> MIS | P47: =IF(COUNTIFS(tbl_acties[cyclus_id],A47,tbl_acties[actie_type],"UITCHECK",tbl_acties[uitgevoerd_op],"<>",tbl_acties[verwachte_schoonmaak_uren],"<>")>0,"OK","MIS") -> MIS | Q47: =IF(COUNTIFS(tbl_acties[cyclus_id],A47,tbl_acties[actie_type],"SCHOONMAAK",tbl_acties[uitgevoerd_op],"<>",tbl_acties[werkelijke_schoonmaak_uren],"<>")>0,"OK","MIS") -> MIS | R47: =IF(COUNTIFS(tbl_acties[cyclus_id],A47,tbl_acties[actie_type],"INCHECK",tbl_acties[gepland_op],"<>")>0,"OK","MIS") -> MIS | S47: =IF(COUNTIFS(tbl_acties[cyclus_id],A47,tbl_acties[actie_type],"INCHECK",tbl_acties[uitgevoerd_op],"<>",tbl_acties[sleutels_bevestigd],"JA")>0,"OK","MIS") -> MIS | U47: =IF(I47="UITCHECK_UITGEVOERD",IF(P47="OK","","FOUT: uitcheck mist uitgevoerd_op of verwachte uren"),IF(I47="SCHOONMAAK_NODIG",IF(P47="OK","","FOUT: schoonmaak kan pas na uitcheck"),IF(I47="INCHECK_UITGEVOERD",IF(S47="OK","","FOUT: incheck mist sleutelbevestiging/uitgevoerd"),"")))
A48: C0047 | B48: 0232 | C48: =_xlfn.XLOOKUP(tbl_cycli[[#This Row],[huis_id]],OG_HUIZEN_LIJST!B:B,OG_HUIZEN_LIJST!C:C,"",0) -> Zuidhoek 209D | D48: JA | L48: =B48&"|"&D48 -> 0232|JA | M48: =IF(COUNTIFS(tbl_acties[cyclus_id],A48,tbl_acties[actie_type],"VOORINSPECTIE",tbl_acties[gepland_op],"<>")>0,"OK","MIS") -> MIS | N48: =IF(COUNTIFS(tbl_acties[cyclus_id],A48,tbl_acties[actie_type],"VOORINSPECTIE",tbl_acties[uitgevoerd_op],"<>")>0,"OK","MIS") -> MIS | O48: =IF(COUNTIFS(tbl_acties[cyclus_id],A48,tbl_acties[actie_type],"UITCHECK",tbl_acties[gepland_op],"<>")>0,"OK","MIS") -> MIS | P48: =IF(COUNTIFS(tbl_acties[cyclus_id],A48,tbl_acties[actie_type],"UITCHECK",tbl_acties[uitgevoerd_op],"<>",tbl_acties[verwachte_schoonmaak_uren],"<>")>0,"OK","MIS") -> MIS | Q48: =IF(COUNTIFS(tbl_acties[cyclus_id],A48,tbl_acties[actie_type],"SCHOONMAAK",tbl_acties[uitgevoerd_op],"<>",tbl_acties[werkelijke_schoonmaak_uren],"<>")>0,"OK","MIS") -> MIS | R48: =IF(COUNTIFS(tbl_acties[cyclus_id],A48,tbl_acties[actie_type],"INCHECK",tbl_acties[gepland_op],"<>")>0,"OK","MIS") -> MIS | S48: =IF(COUNTIFS(tbl_acties[cyclus_id],A48,tbl_acties[actie_type],"INCHECK",tbl_acties[uitgevoerd_op],"<>",tbl_acties[sleutels_bevestigd],"JA")>0,"OK","MIS") -> MIS | U48: =IF(I48="UITCHECK_UITGEVOERD",IF(P48="OK","","FOUT: uitcheck mist uitgevoerd_op of verwachte uren"),IF(I48="SCHOONMAAK_NODIG",IF(P48="OK","","FOUT: schoonmaak kan pas na uitcheck"),IF(I48="INCHECK_UITGEVOERD",IF(S48="OK","","FOUT: incheck mist sleutelbevestiging/uitgevoerd"),"")))

Sheet ACTIES
A1: actie_id | B1: object_id | C1: adres_weergave | D1: cyclus_id | E1: actie_type | F1: gepland_op | G1: uitgevoerd_op | H1: uitgevoerd_door | I1: fotos_gemaakt | J1: issues_gevonden | K1: verwachte_schoonmaak_uren | L1: werkelijke_schoonmaak_uren | M1: sleutels_bevestigd | N1: sleuteloverdracht_methode | O1: opmerking
A2: A00001 | B2: A-0088 | C2: =_xlfn.XLOOKUP(tbl_acties[[#This Row],[object_id]],HUIZEN_MASTER!A:A,HUIZEN_MASTER!B:B,"",0) -> Jasmijnring 35 | D2: =IFERROR(INDEX(tbl_cycli[cyclus_id],MATCH(B2&"|JA",tbl_cycli[sleutel_actief],0)),"") -> C0002 | E2: UITCHECK | F2: 45930
A3: A00002 | B3: 0368 | C3: =_xlfn.XLOOKUP(tbl_acties[[#This Row],[object_id]],HUIZEN_MASTER!A:A,HUIZEN_MASTER!B:B,"",0) -> Wedderweg 3 | D3: =IFERROR(INDEX(tbl_cycli[cyclus_id],MATCH(B3&"|JA",tbl_cycli[sleutel_actief],0)),"") -> C0003 | E3: UITCHECK | F3: 45960 | H3: Jamie
A4: A00003 | B4: 0368 | C4: =_xlfn.XLOOKUP(tbl_acties[[#This Row],[object_id]],HUIZEN_MASTER!A:A,HUIZEN_MASTER!B:B,"",0) -> Wedderweg 3 | D4: =IFERROR(INDEX(tbl_cycli[cyclus_id],MATCH(B4&"|JA",tbl_cycli[sleutel_actief],0)),"") -> C0003 | E4: INCHECK | H4: Jamie
A5: A00004 | B5: 0358 | C5: =_xlfn.XLOOKUP(tbl_acties[[#This Row],[object_id]],HUIZEN_MASTER!A:A,HUIZEN_MASTER!B:B,"",0) -> Monsterseweg 26A | D5: =IFERROR(INDEX(tbl_cycli[cyclus_id],MATCH(B5&"|JA",tbl_cycli[sleutel_actief],0)),"") -> C0004 | E5: UITCHECK | F5: 45967 | H5: Ana
A6: A00005 | B6: 0041 | C6: =_xlfn.XLOOKUP(tbl_acties[[#This Row],[object_id]],HUIZEN_MASTER!A:A,HUIZEN_MASTER!B:B,"",0) -> Nunspeetlaan 53 | D6: =IFERROR(INDEX(tbl_cycli[cyclus_id],MATCH(B6&"|JA",tbl_cycli[sleutel_actief],0)),"") -> C0005 | E6: UITCHECK | H6: Ana
A7: A00006 | B7: 0295 | C7: =_xlfn.XLOOKUP(tbl_acties[[#This Row],[object_id]],HUIZEN_MASTER!A:A,HUIZEN_MASTER!B:B,"",0) -> Akkerweg 41 [018] | D7: =IFERROR(INDEX(tbl_cycli[cyclus_id],MATCH(B7&"|JA",tbl_cycli[sleutel_actief],0)),"") -> C0006 | E7: UITCHECK | F7: 45962
A8: A00007 | B8: 0300 | C8: =_xlfn.XLOOKUP(tbl_acties[[#This Row],[object_id]],HUIZEN_MASTER!A:A,HUIZEN_MASTER!B:B,"",0) -> Akkerweg 41 [040] | D8: =IFERROR(INDEX(tbl_cycli[cyclus_id],MATCH(B8&"|JA",tbl_cycli[sleutel_actief],0)),"") -> C0007 | E8: UITCHECK | F8: 45992 | H8: Christa
A9: A00008 | B9: 0384 | C9: =_xlfn.XLOOKUP(tbl_acties[[#This Row],[object_id]],HUIZEN_MASTER!A:A,HUIZEN_MASTER!B:B,"",0) -> Akkerweg 41 [058] | D9: =IFERROR(INDEX(tbl_cycli[cyclus_id],MATCH(B9&"|JA",tbl_cycli[sleutel_actief],0)),"") -> C0009 | E9: UITCHECK | F9: 45992 | H9: Christa
A10: A00009 | B10: 0101 | C10: =_xlfn.XLOOKUP(tbl_acties[[#This Row],[object_id]],HUIZEN_MASTER!A:A,HUIZEN_MASTER!B:B,"",0) -> Moureauveld 8 | D10: =IFERROR(INDEX(tbl_cycli[cyclus_id],MATCH(B10&"|JA",tbl_cycli[sleutel_actief],0)),"") -> C0010 | E10: UITCHECK | F10: 45975 | H10: Ana
A11: A00010 | B11: 0101 | C11: =_xlfn.XLOOKUP(tbl_acties[[#This Row],[object_id]],HUIZEN_MASTER!A:A,HUIZEN_MASTER!B:B,"",0) -> Moureauveld 8 | D11: =IFERROR(INDEX(tbl_cycli[cyclus_id],MATCH(B11&"|JA",tbl_cycli[sleutel_actief],0)),"") -> C0010 | E11: INCHECK | F11: 45996 | H11: Ana
A12: A00011 | B12: 0240 | C12: =_xlfn.XLOOKUP(tbl_acties[[#This Row],[object_id]],HUIZEN_MASTER!A:A,HUIZEN_MASTER!B:B,"",0) -> Schoonegge 84 | D12: =IFERROR(INDEX(tbl_cycli[cyclus_id],MATCH(B12&"|JA",tbl_cycli[sleutel_actief],0)),"") -> C0011 | E12: UITCHECK | F12: 45987 | H12: Ana
A13: A00012 | B13: 0193 | C13: =_xlfn.XLOOKUP(tbl_acties[[#This Row],[object_id]],HUIZEN_MASTER!A:A,HUIZEN_MASTER!B:B,"",0) -> Kapershoek 11 | D13: =IFERROR(INDEX(tbl_cycli[cyclus_id],MATCH(B13&"|JA",tbl_cycli[sleutel_actief],0)),"") -> C0012 | E13: INCHECK | F13: 46003 | H13: Dion
A14: A00013 | B14: 0341 | C14: =_xlfn.XLOOKUP(tbl_acties[[#This Row],[object_id]],HUIZEN_MASTER!A:A,HUIZEN_MASTER!B:B,"",0) -> Akkerweg 41 [010] | D14: =IFERROR(INDEX(tbl_cycli[cyclus_id],MATCH(B14&"|JA",tbl_cycli[sleutel_actief],0)),"") -> C0013 | E14: UITCHECK | F14: 45992 | H14: Christa
A15: A00014 | B15: 0342 | C15: =_xlfn.XLOOKUP(tbl_acties[[#This Row],[object_id]],HUIZEN_MASTER!A:A,HUIZEN_MASTER!B:B,"",0) -> Akkerweg 41 [016] | D15: =IFERROR(INDEX(tbl_cycli[cyclus_id],MATCH(B15&"|JA",tbl_cycli[sleutel_actief],0)),"") -> C0014 | E15: UITCHECK | F15: 45992 | H15: Christa
A16: A00015 | B16: 0343 | C16: =_xlfn.XLOOKUP(tbl_acties[[#This Row],[object_id]],HUIZEN_MASTER!A:A,HUIZEN_MASTER!B:B,"",0) -> Akkerweg 41 [019] | D16: =IFERROR(INDEX(tbl_cycli[cyclus_id],MATCH(B16&"|JA",tbl_cycli[sleutel_actief],0)),"") -> C0015 | E16: UITCHECK | F16: 45992 | H16: Christa
A17: A00016 | B17: 0303 | C17: =_xlfn.XLOOKUP(tbl_acties[[#This Row],[object_id]],HUIZEN_MASTER!A:A,HUIZEN_MASTER!B:B,"",0) -> Akkerweg 41 [055] | D17: =IFERROR(INDEX(tbl_cycli[cyclus_id],MATCH(B17&"|JA",tbl_cycli[sleutel_actief],0)),"") -> C0016 | E17: UITCHECK | F17: 45992 | H17: Christa
A18: A00017 | B18: 0304 | C18: =_xlfn.XLOOKUP(tbl_acties[[#This Row],[object_id]],HUIZEN_MASTER!A:A,HUIZEN_MASTER!B:B,"",0) -> Akkerweg 41 [056] | D18: =IFERROR(INDEX(tbl_cycli[cyclus_id],MATCH(B18&"|JA",tbl_cycli[sleutel_actief],0)),"") -> C0017 | E18: UITCHECK | F18: 45992 | H18: Christa
A19: A00018 | B19: 0085 | C19: =_xlfn.XLOOKUP(tbl_acties[[#This Row],[object_id]],HUIZEN_MASTER!A:A,HUIZEN_MASTER!B:B,"",0) -> Kierkegaardhof 54 | D19: =IFERROR(INDEX(tbl_cycli[cyclus_id],MATCH(B19&"|JA",tbl_cycli[sleutel_actief],0)),"") -> C0018 | E19: UITCHECK | F19: 45968 | H19: Ana
A20: A00019 | B20: 0085 | C20: =_xlfn.XLOOKUP(tbl_acties[[#This Row],[object_id]],HUIZEN_MASTER!A:A,HUIZEN_MASTER!B:B,"",0) -> Kierkegaardhof 54 | D20: =IFERROR(INDEX(tbl_cycli[cyclus_id],MATCH(B20&"|JA",tbl_cycli[sleutel_actief],0)),"") -> C0018 | E20: INCHECK | H20: Ana
A21: A00020 | B21: 0114 | C21: =_xlfn.XLOOKUP(tbl_acties[[#This Row],[object_id]],HUIZEN_MASTER!A:A,HUIZEN_MASTER!B:B,"",0) -> Piersonstraat 8 | D21: =IFERROR(INDEX(tbl_cycli[cyclus_id],MATCH(B21&"|JA",tbl_cycli[sleutel_actief],0)),"") -> C0020 | E21: VOORINSPECTIE | F21: 45987 | H21: Ana
A22: A00021 | B22: 0114 | C22: =_xlfn.XLOOKUP(tbl_acties[[#This Row],[object_id]],HUIZEN_MASTER!A:A,HUIZEN_MASTER!B:B,"",0) -> Piersonstraat 8 | D22: =IFERROR(INDEX(tbl_cycli[cyclus_id],MATCH(B22&"|JA",tbl_cycli[sleutel_actief],0)),"") -> C0020 | E22: UITCHECK | F22: 46006 | H22: Ana
A23: A00022 | B23: 0114 | C23: =_xlfn.XLOOKUP(tbl_acties[[#This Row],[object_id]],HUIZEN_MASTER!A:A,HUIZEN_MASTER!B:B,"",0) -> Piersonstraat 8 | D23: =IFERROR(INDEX(tbl_cycli[cyclus_id],MATCH(B23&"|JA",tbl_cycli[sleutel_actief],0)),"") -> C0020 | E23: SCHOONMAAK | H23: Ana | O23: tradiro lady on 16-12
A24: A00023 | B24: 0225 | C24: =_xlfn.XLOOKUP(tbl_acties[[#This Row],[object_id]],HUIZEN_MASTER!A:A,HUIZEN_MASTER!B:B,"",0) -> Kerkwerversingel 127 | D24: =IFERROR(INDEX(tbl_cycli[cyclus_id],MATCH(B24&"|JA",tbl_cycli[sleutel_actief],0)),"") -> C0021 | E24: UITCHECK | F24: 46007 | H24: Ana
A25: A00024 | B25: 0225 | C25: =_xlfn.XLOOKUP(tbl_acties[[#This Row],[object_id]],HUIZEN_MASTER!A:A,HUIZEN_MASTER!B:B,"",0) -> Kerkwerversingel 127 | D25: =IFERROR(INDEX(tbl_cycli[cyclus_id],MATCH(B25&"|JA",tbl_cycli[sleutel_actief],0)),"") -> C0021 | E25: SCHOONMAAK | H25: Ana | O25: is schoon
A26: A00025 | B26: 0293 | C26: =_xlfn.XLOOKUP(tbl_acties[[#This Row],[object_id]],HUIZEN_MASTER!A:A,HUIZEN_MASTER!B:B,"",0) -> Akkerweg 41 [014] | D26: =IFERROR(INDEX(tbl_cycli[cyclus_id],MATCH(B26&"|JA",tbl_cycli[sleutel_actief],0)),"") -> C0022 | E26: SCHOONMAAK | H26: Chris | O26: Chris
A27: A00026 | B27: 0383 | C27: =_xlfn.XLOOKUP(tbl_acties[[#This Row],[object_id]],HUIZEN_MASTER!A:A,HUIZEN_MASTER!B:B,"",0) -> Akkerweg 41 [020] | D27: =IFERROR(INDEX(tbl_cycli[cyclus_id],MATCH(B27&"|JA",tbl_cycli[sleutel_actief],0)),"") -> C0023 | E27: SCHOONMAAK | H27: Chris | O27: Chris
A28: A00027 | B28: 0302 | C28: =_xlfn.XLOOKUP(tbl_acties[[#This Row],[object_id]],HUIZEN_MASTER!A:A,HUIZEN_MASTER!B:B,"",0) -> Akkerweg 41 [042] | D28: =IFERROR(INDEX(tbl_cycli[cyclus_id],MATCH(B28&"|JA",tbl_cycli[sleutel_actief],0)),"") -> C0024 | E28: SCHOONMAAK | H28: Chris | O28: Chris
A29: A00028 | B29: 0089 | C29: =_xlfn.XLOOKUP(tbl_acties[[#This Row],[object_id]],HUIZEN_MASTER!A:A,HUIZEN_MASTER!B:B,"",0) -> Van Maanenstraat 14A | D29: =IFERROR(INDEX(tbl_cycli[cyclus_id],MATCH(B29&"|JA",tbl_cycli[sleutel_actief],0)),"") -> C0025 | E29: UITCHECK | F29: 46013 | H29: Ricky
A30: A00029 | B30: 0089 | C30: =_xlfn.XLOOKUP(tbl_acties[[#This Row],[object_id]],HUIZEN_MASTER!A:A,HUIZEN_MASTER!B:B,"",0) -> Van Maanenstraat 14A | D30: =IFERROR(INDEX(tbl_cycli[cyclus_id],MATCH(B30&"|JA",tbl_cycli[sleutel_actief],0)),"") -> C0025 | E30: SCHOONMAAK | H30: Ricky | O30: Plannen
A31: A00030 | B31: 0126 | C31: =_xlfn.XLOOKUP(tbl_acties[[#This Row],[object_id]],HUIZEN_MASTER!A:A,HUIZEN_MASTER!B:B,"",0) -> Korte Singelstraat 21-2 | D31: =IFERROR(INDEX(tbl_cycli[cyclus_id],MATCH(B31&"|JA",tbl_cycli[sleutel_actief],0)),"") -> C0028 | E31: UITCHECK | F31: 46022 | H31: Dion
A32: A00031 | B32: 0126 | C32: =_xlfn.XLOOKUP(tbl_acties[[#This Row],[object_id]],HUIZEN_MASTER!A:A,HUIZEN_MASTER!B:B,"",0) -> Korte Singelstraat 21-2 | D32: =IFERROR(INDEX(tbl_cycli[cyclus_id],MATCH(B32&"|JA",tbl_cycli[sleutel_actief],0)),"") -> C0028 | E32: SCHOONMAAK | H32: Dion | O32: Plannen
A33: A00032 | B33: 0126 | C33: =_xlfn.XLOOKUP(tbl_acties[[#This Row],[object_id]],HUIZEN_MASTER!A:A,HUIZEN_MASTER!B:B,"",0) -> Korte Singelstraat 21-2 | D33: =IFERROR(INDEX(tbl_cycli[cyclus_id],MATCH(B33&"|JA",tbl_cycli[sleutel_actief],0)),"") -> C0028 | E33: UITCHECK | F33: 46022 | H33: Dion
A34: A00033 | B34: 0126 | C34: =_xlfn.XLOOKUP(tbl_acties[[#This Row],[object_id]],HUIZEN_MASTER!A:A,HUIZEN_MASTER!B:B,"",0) -> Korte Singelstraat 21-2 | D34: =IFERROR(INDEX(tbl_cycli[cyclus_id],MATCH(B34&"|JA",tbl_cycli[sleutel_actief],0)),"") -> C0028 | E34: SCHOONMAAK | H34: Dion | O34: Plannen
A35: A00034 | B35: 0110 | C35: =_xlfn.XLOOKUP(tbl_acties[[#This Row],[object_id]],HUIZEN_MASTER!A:A,HUIZEN_MASTER!B:B,"",0) -> Opaal 9 | D35: =IFERROR(INDEX(tbl_cycli[cyclus_id],MATCH(B35&"|JA",tbl_cycli[sleutel_actief],0)),"") -> C0030 | E35: UITCHECK | F35: 46022 | H35: Ricky
A36: A00035 | B36: 0110 | C36: =_xlfn.XLOOKUP(tbl_acties[[#This Row],[object_id]],HUIZEN_MASTER!A:A,HUIZEN_MASTER!B:B,"",0) -> Opaal 9 | D36: =IFERROR(INDEX(tbl_cycli[cyclus_id],MATCH(B36&"|JA",tbl_cycli[sleutel_actief],0)),"") -> C0030 | E36: SCHOONMAAK | H36: Ricky | O36: Plannen
A37: A00036 | B37: 0141 | C37: =_xlfn.XLOOKUP(tbl_acties[[#This Row],[object_id]],HUIZEN_MASTER!A:A,HUIZEN_MASTER!B:B,"",0) -> Wilhelminastraat 8 | D37: =IFERROR(INDEX(tbl_cycli[cyclus_id],MATCH(B37&"|JA",tbl_cycli[sleutel_actief],0)),"") -> C0031 | E37: UITCHECK | F37: 46022 | H37: Ricky
A38: A00037 | B38: 0141 | C38: =_xlfn.XLOOKUP(tbl_acties[[#This Row],[object_id]],HUIZEN_MASTER!A:A,HUIZEN_MASTER!B:B,"",0) -> Wilhelminastraat 8 | D38: =IFERROR(INDEX(tbl_cycli[cyclus_id],MATCH(B38&"|JA",tbl_cycli[sleutel_actief],0)),"") -> C0031 | E38: SCHOONMAAK | H38: Ricky | O38: Plannen
A39: A00038 | B39: 0365 | C39: =_xlfn.XLOOKUP(tbl_acties[[#This Row],[object_id]],HUIZEN_MASTER!A:A,HUIZEN_MASTER!B:B,"",0) -> Laan op Zuid 949 | D39: =IFERROR(INDEX(tbl_cycli[cyclus_id],MATCH(B39&"|JA",tbl_cycli[sleutel_actief],0)),"") -> C0032 | E39: UITCHECK | F39: 46022 | H39: Dion
A40: A00039 | B40: 0365 | C40: =_xlfn.XLOOKUP(tbl_acties[[#This Row],[object_id]],HUIZEN_MASTER!A:A,HUIZEN_MASTER!B:B,"",0) -> Laan op Zuid 949 | D40: =IFERROR(INDEX(tbl_cycli[cyclus_id],MATCH(B40&"|JA",tbl_cycli[sleutel_actief],0)),"") -> C0032 | E40: SCHOONMAAK | H40: Dion | O40: Plannen
A41: A00040 | B41: 0144 | C41: =_xlfn.XLOOKUP(tbl_acties[[#This Row],[object_id]],HUIZEN_MASTER!A:A,HUIZEN_MASTER!B:B,"",0) -> Scheepjesbrug 433 | D41: =IFERROR(INDEX(tbl_cycli[cyclus_id],MATCH(B41&"|JA",tbl_cycli[sleutel_actief],0)),"") -> C0033 | E41: UITCHECK | F41: 46022 | H41: Ricky
A42: A00041 | B42: 0144 | C42: =_xlfn.XLOOKUP(tbl_acties[[#This Row],[object_id]],HUIZEN_MASTER!A:A,HUIZEN_MASTER!B:B,"",0) -> Scheepjesbrug 433 | D42: =IFERROR(INDEX(tbl_cycli[cyclus_id],MATCH(B42&"|JA",tbl_cycli[sleutel_actief],0)),"") -> C0033 | E42: SCHOONMAAK | H42: Ricky | O42: Plannen
A43: A00042 | B43: 0331 | C43: =_xlfn.XLOOKUP(tbl_acties[[#This Row],[object_id]],HUIZEN_MASTER!A:A,HUIZEN_MASTER!B:B,"",0) -> Flankstraat 11 | D43: =IFERROR(INDEX(tbl_cycli[cyclus_id],MATCH(B43&"|JA",tbl_cycli[sleutel_actief],0)),"") -> C0034 | E43: UITCHECK | F43: 46022 | H43: Ricky
A44: A00043 | B44: 0331 | C44: =_xlfn.XLOOKUP(tbl_acties[[#This Row],[object_id]],HUIZEN_MASTER!A:A,HUIZEN_MASTER!B:B,"",0) -> Flankstraat 11 | D44: =IFERROR(INDEX(tbl_cycli[cyclus_id],MATCH(B44&"|JA",tbl_cycli[sleutel_actief],0)),"") -> C0034 | E44: SCHOONMAAK | H44: Ricky | O44: Plannen
A45: A00044 | B45: 0242 | C45: =_xlfn.XLOOKUP(tbl_acties[[#This Row],[object_id]],HUIZEN_MASTER!A:A,HUIZEN_MASTER!B:B,"",0) -> Sint Liduinastraat 76 A | D45: =IFERROR(INDEX(tbl_cycli[cyclus_id],MATCH(B45&"|JA",tbl_cycli[sleutel_actief],0)),"") -> C0035 | E45: UITCHECK | F45: 46014 | H45: Ricky
A46: A00045 | B46: 0242 | C46: =_xlfn.XLOOKUP(tbl_acties[[#This Row],[object_id]],HUIZEN_MASTER!A:A,HUIZEN_MASTER!B:B,"",0) -> Sint Liduinastraat 76 A | D46: =IFERROR(INDEX(tbl_cycli[cyclus_id],MATCH(B46&"|JA",tbl_cycli[sleutel_actief],0)),"") -> C0035 | E46: SCHOONMAAK | H46: Ricky | O46: Plannen
A47: A00046 | B47: 0199 | C47: =_xlfn.XLOOKUP(tbl_acties[[#This Row],[object_id]],HUIZEN_MASTER!A:A,HUIZEN_MASTER!B:B,"",0) -> Kerstendijk 125 | D47: =IFERROR(INDEX(tbl_cycli[cyclus_id],MATCH(B47&"|JA",tbl_cycli[sleutel_actief],0)),"") -> C0036 | E47: UITCHECK | F47: 46022 | H47: Dion
A48: A00047 | B48: 0199 | C48: =_xlfn.XLOOKUP(tbl_acties[[#This Row],[object_id]],HUIZEN_MASTER!A:A,HUIZEN_MASTER!B:B,"",0) -> Kerstendijk 125 | D48: =IFERROR(INDEX(tbl_cycli[cyclus_id],MATCH(B48&"|JA",tbl_cycli[sleutel_actief],0)),"") -> C0036 | E48: SCHOONMAAK | H48: Dion | O48: Plannen
A49: A00048 | B49: 0337 | C49: =_xlfn.XLOOKUP(tbl_acties[[#This Row],[object_id]],HUIZEN_MASTER!A:A,HUIZEN_MASTER!B:B,"",0) -> Kruisweg 16 | D49: =IFERROR(INDEX(tbl_cycli[cyclus_id],MATCH(B49&"|JA",tbl_cycli[sleutel_actief],0)),"") -> C0037 | E49: UITCHECK | F49: 46024 | H49: Ricky + Jakub + scott | I49: JA | J49: JA
A50: A00049 | B50: 0337 | C50: =_xlfn.XLOOKUP(tbl_acties[[#This Row],[object_id]],HUIZEN_MASTER!A:A,HUIZEN_MASTER!B:B,"",0) -> Kruisweg 16 | D50: =IFERROR(INDEX(tbl_cycli[cyclus_id],MATCH(B50&"|JA",tbl_cycli[sleutel_actief],0)),"") -> C0037 | E50: SCHOONMAAK | H50: Ricky + Jakub + scott | O50: Plannen
A51: A00050 | B51: 0336 | C51: =_xlfn.XLOOKUP(tbl_acties[[#This Row],[object_id]],HUIZEN_MASTER!A:A,HUIZEN_MASTER!B:B,"",0) -> Ofwegen 1A | D51: =IFERROR(INDEX(tbl_cycli[cyclus_id],MATCH(B51&"|JA",tbl_cycli[sleutel_actief],0)),"") -> C0038 | E51: UITCHECK | F51: 46024 | H51: Ricky + Jakub + scott
A52: A00051 | B52: 0336 | C52: =_xlfn.XLOOKUP(tbl_acties[[#This Row],[object_id]],HUIZEN_MASTER!A:A,HUIZEN_MASTER!B:B,"",0) -> Ofwegen 1A | D52: =IFERROR(INDEX(tbl_cycli[cyclus_id],MATCH(B52&"|JA",tbl_cycli[sleutel_actief],0)),"") -> C0038 | E52: SCHOONMAAK | H52: Ricky + Jakub + scott | O52: Plannen
A53: A00052 | B53: 0240 | C53: =_xlfn.XLOOKUP(tbl_acties[[#This Row],[object_id]],HUIZEN_MASTER!A:A,HUIZEN_MASTER!B:B,"",0) -> Schoonegge 84 | D53: =IFERROR(INDEX(tbl_cycli[cyclus_id],MATCH(B53&"|JA",tbl_cycli[sleutel_actief],0)),"") -> C0011 | E53: VOORINSPECTIE | F53: 46385 | H53: Ricky-scott
A54: A00053 | B54: 0240 | C54: =_xlfn.XLOOKUP(tbl_acties[[#This Row],[object_id]],HUIZEN_MASTER!A:A,HUIZEN_MASTER!B:B,"",0) -> Schoonegge 84 | D54: =IFERROR(INDEX(tbl_cycli[cyclus_id],MATCH(B54&"|JA",tbl_cycli[sleutel_actief],0)),"") -> C0011 | E54: UITCHECK | F54: 46034 | H54: Ricky-scott
A55: A00054 | B55: 0240 | C55: =_xlfn.XLOOKUP(tbl_acties[[#This Row],[object_id]],HUIZEN_MASTER!A:A,HUIZEN_MASTER!B:B,"",0) -> Schoonegge 84 | D55: =IFERROR(INDEX(tbl_cycli[cyclus_id],MATCH(B55&"|JA",tbl_cycli[sleutel_actief],0)),"") -> C0011 | E55: SCHOONMAAK | H55: Ricky-scott | O55: is schoon
A56: A00055 | B56: 0391 | C56: =_xlfn.XLOOKUP(tbl_acties[[#This Row],[object_id]],HUIZEN_MASTER!A:A,HUIZEN_MASTER!B:B,"",0) -> Industriestraat 9 | D56: =IFERROR(INDEX(tbl_cycli[cyclus_id],MATCH(B56&"|JA",tbl_cycli[sleutel_actief],0)),"") -> C0043 | E56: VOORINSPECTIE | F56: 46024
A57: A00056 | B57: 0391 | C57: =_xlfn.XLOOKUP(tbl_acties[[#This Row],[object_id]],HUIZEN_MASTER!A:A,HUIZEN_MASTER!B:B,"",0) -> Industriestraat 9 | D57: =IFERROR(INDEX(tbl_cycli[cyclus_id],MATCH(B57&"|JA",tbl_cycli[sleutel_actief],0)),"") -> C0043 | E57: INCHECK | F57: 46023
A58: A00057 | B58: 0212 | C58: =_xlfn.XLOOKUP(tbl_acties[[#This Row],[object_id]],HUIZEN_MASTER!A:A,HUIZEN_MASTER!B:B,"",0) -> Wijngaard 66 | D58: =IFERROR(INDEX(tbl_cycli[cyclus_id],MATCH(B58&"|JA",tbl_cycli[sleutel_actief],0)),"") -> C0044 | E58: UITCHECK | F58: 46035 | H58: Ricky- scott
A59: A00058 | B59: 0212 | C59: =_xlfn.XLOOKUP(tbl_acties[[#This Row],[object_id]],HUIZEN_MASTER!A:A,HUIZEN_MASTER!B:B,"",0) -> Wijngaard 66 | D59: =IFERROR(INDEX(tbl_cycli[cyclus_id],MATCH(B59&"|JA",tbl_cycli[sleutel_actief],0)),"") -> C0044 | E59: INCHECK | F59: 46038 | H59: Ricky- scott
A60: A00059 | B60: 0232 | C60: =_xlfn.XLOOKUP(tbl_acties[[#This Row],[object_id]],HUIZEN_MASTER!A:A,HUIZEN_MASTER!B:B,"",0) -> Zuidhoek 209D | D60: =IFERROR(INDEX(tbl_cycli[cyclus_id],MATCH(B60&"|JA",tbl_cycli[sleutel_actief],0)),"") -> C0047 | E60: VOORINSPECTIE

Sheet BRON_UITCHECK_TRACKING
A1: Adres | B1: uitcheck | C1: Klant | D1: Datum | E1: nieuwe Huurder | F1: Datum Vooroplevering (PRE) | G1: Uitcheck Datum | H1: Wie | I1: Schoonmaak | J1: VIS (checkin) | K1: Opmerkingen | L1: rented from | M1: Bed linnen
B3: 45804 | C3: Timing | L3: RR is cleaning | M3: park wil do this
A4: Kerkweg 9a [huis 135] Hensbroek
F5: Pre eindinspectie
B6: 45930 | C6: EG facility | G6: 45930
A7: Jasmijnrijn 37 Zundert
B9: 45961 | C9: PRP | G9: 45960 | H9: Jamie | J9: 07-11 Ana | K9: Woensdag 29-10 avond vertrekken de bewoners
A10: Wedderweg 3a Vrieschenloo | B10: 45961 | C10: PPL direkt | D10: Terug naar de eigenaar | G10: 45931 | H10: Ana
A11: Compierekade Alphen ad Rijn
B14: 45967 | C14: TRADIRO | D14: Terug naar de eigenaar | G14: 45967 | H14: Ana | K14: Gaat deze woning terug naar Tr of naar eigenaar? Christa
A15: Monsterseweg 26A, 'S-GRAVENZANDE | B15: 45989 | C15: PPL direkt | D15: Terug naar de eigenaar | G15: kan je | H15: Ana | K15: woning moet worden leeggehaald
A16: Nunspeetlaan 53 Den Haag | B16: 45962 | C16: Uitzendwerk | D16: Terug naar de eigenaar | G16: 45962
A17: Akkerweg 41 [huis018] Den oever | B17: 45991 | C17: Eemsdelta | G17: 45992 | H17: Christa
A18: Akkerweg 41 [huis040] Den oever | B18: 45962 | C18: FISSH | D18: verhuisd naar 75
A19: Akkerweg 41 [huis038] Den oever | B19: 45991 | C19: Buurman Vastgoed B.V. | D19: Terug naar de eigenaar | G19: 45992 | H19: Christa | K19: huis is al leeg 30-10.
A20: Akkerweg 41 [huis058] Den oever | B20: 45991 | C20: Dit en Larex | G20: 45975 | H20: Ana | J20: 45996
A21: Moureauveld 8 Roosendaal | B21: 45982 | C21: Uitzendbureau Bakker | G21: 45987 | H21: Ana | K21: 3uur schoonmaak voor dame Tradiro. Nog niet gevraagd
A22: Zuidhoek, Rotterdam | C22: TRADIRO | E22: Otto? | G22: 45987 | H22: Ana | K22: schoonmaak nodig
A23: Schoonegge 84 | C23: TRADIRO | E23: Labour housing | H23: Dion | J23: 46003
A24: Kapershoek 11
B26: 45992 | C26: NL-Realty | D26: Terug naar de eigenaar | G26: 45992 | H26: Christa | K26: Samen met Ricky met SNF dag?
A27: Akkerweg 41 [ huisnummer 10 ] | B27: 45992 | C27: NL-Realty | D27: Terug naar de eigenaar | G27: 45992 | H27: Christa | K27: Samen met Ricky met SNF dag?
A28: Akkerweg 41 [ huisnummer 16 ] | B28: 45992 | C28: NL-Realty | D28: Terug naar de eigenaar | G28: 45992 | H28: Christa | K28: Samen met Ricky met SNF dag?
A29: Akkerweg 41 [ huisnummer 19 ] | B29: 45992 | C29: NL-Realty | G29: 45992 | H29: Christa | K29: Samen met Ricky met SNF dag?
A30: Akkerweg 41 [ huisnummer 55 ] | B30: 45992 | C30: NL-Realty | G30: 45992 | H30: Christa | K30: Samen met Ricky met SNF dag?
A31: Akkerweg 41 [ huisnummer 56 ] | B31: 45994 | C31: BW-engineering | G31: 45968 | H31: Ana | J31: 14-11-2025 Jakub | K31: met bedlinnen
A32: Kierkegaardhof 54, Huizen | B32: 45996 | C32: Tradiro | D32: Terug naar de eigenaar | K32: Dion levert op aan eigenaar 05-12,
A33: Putsebocht 136, Rotterdam | B33: 46006 | C33: HTC | E33: Impess | F33: 45987 | G33: 46006 | H33: Ana | I33: tradiro lady on 16-12 | K33: met bedlinnen voor 3pers, HTC breng de sleutel naar kantoor
A34: Piersonstraat 8, Schiedam | B34: 46007 | C34: Light | D34: Terug naar de eigenaar | G34: 46007 | H34: Ana | I34: is schoon | K34: outcheck is gedaan. Moet het nog leeg?
A35: Kerkerwervensingel 127 | B35: 46022 | C35: Buurman Vastgoed B.V. | D35: Terug naar de eigenaar | H35: Chris | I35: Chris | K35: Via mail aan Chris gevraagd of hij de outcheck kan doen
A36: Akkerweg 41 [ huisnummer 14 ] | B36: 46022 | C36: Buurman Vastgoed B.V. | D36: Terug naar de eigenaar | H36: Chris | I36: Chris | K36: Via mail aan Chris gevraagd of hij de outcheck kan doen
A37: Akkerweg 41 [ huisnummer 20 ] | B37: 46022 | C37: Buurman Vastgoed B.V. | H37: Chris | I37: Chris | K37: Via mail aan Chris gevraagd of hij de outcheck kan doen
A38: Akkerweg 41 [ huisnummer 42 ] | B38: 46011 | C38: Focuzop | D38: Terug naar de eigenaar | G38: 46013 | H38: Ricky | I38: Plannen | K38: Eigenaar is gemaild voor sleutel overdracht
A39: Van Maanenstraat 14A | B39: 46018 | C39: Devon visser | K39: Christa?
A40: Prunuslaan 36, Nieuwolda | B40: 46019 | C40: Construction | K40: Christa?
A41: Bettingeslag 10, Emmen | B41: 46022 | C41: Transport people | G41: 46022 | H41: Dion | I41: Plannen
A42: Korte Singelstraat 21 -2 | B42: 46022 | C42: Transport people | G42: 46022 | H42: Dion | I42: Plannen | K42: ###############################################################################################################################################################################################################################################################
A43: Korte Singelstraat 21 -3 | B43: 46022 | C43: Goti | G43: 46022 | H43: Ricky | I43: Plannen
A44: Opaal 9 | B44: 46022 | C44: Buurman Vastgoed B.V. | G44: 46022 | H44: Ricky | I44: Plannen
A45: Wilhelminastraat 8 | B45: 46022 | C45: UAB Toromega | G45: 46022 | H45: Dion | I45: Plannen
A46: Laan op Zuid 949, Rotterdam | B46: 46022 | C46: Flextalent | G46: 46022 | H46: Ricky | I46: Plannen
A47: Scheepjesbrug 814, Meerkerk | B47: 46022 | C47: Bedrijven bakker | G47: 46022 | H47: Ricky | I47: Plannen
A48: Flankstraat 11, Sas van Gent | B48: 46022 | C48: Tradiro | D48: Terug naar de eigenaar | G48: 46014 | H48: Ricky | I48: Plannen | K48: Eigenaar is gemaild
A49: Sint liduinastraat 76A, Schiedam | B49: 46022 | C49: GAP | D49: Terug naar de eigenaar | G49: 46022 | H49: Dion | I49: Plannen
A50: Kerstendijk 125 Rotterdam | B50: 46022 | C50: Tradiro | G50: 46024 | H50: Ricky + Jakub + scott | I50: Plannen
A51: Kruisweg 16, Woubrugge | B51: 46022 | C51: Tradiro | G51: 46024 | H51: Ricky + Jakub + scott | I51: Plannen
A52: Ofwegen 1A, Woubrugge | B52: 46034 | D52: Terug naar de eigenaar | F52: 29-12-2025- dion | G52: 46034 | H52: Ricky-scott | I52: is schoon | K52: 29-12 pre met eigenaar
A53: Schoonegge 84, Rotterdam | B53: 46006 | C53: Tradiro | D53: Terug naar de eigenaar
A54: Cloosterstraat 23A, Kloosterzande | B54: 46003 | C54: Tradiro | D54: Terug naar de eigenaar
A55: Hoge Noordweg 27B, Naaldwijk | B55: 46006 | C55: Tradiro | D55: Terug naar de eigenaar
A56: Groeneweg 71 , 'S-GRAVENZANDE
F58: 46024 | J58: 46023 | K58: nieuw adres
A59: Industriestraat 9 Dongen | C59: Oranjegroep | D59: Wacht op mail | E59: Dit en Larex | G59: 46035 | H59: Ricky- scott | J59: 46038 | K59: Zonder bedlinnen
A60: Wijngaard 66, Lelystad | B60: 46030 | C60: Oostkracht Bemiddeling B.V.
A61: Vierambachtsstraat 32B 01, Rotterdam

Sheet OG_HUIZEN_LIJST
A1: id | B1: object_id | C1: adres | D1: postcode | E1: plaats | F1: woning_type | G1: status
A2: 392 | B2: 0001 | C2: Nunspeetlaan 14 | D2: 2573 HG | E2: Den Haag | F2: Vakantiepark | G2: active
A3: 393 | B3: 0002 | C3: Allard Piersonlaan 142 | D3: 2522 MT | E3: Den Haag | F3: Appartement | G3: active
A4: 394 | B4: 0003 | C4: Acacia 2 | D4: 3224EB | E4: Hellevoetsluis | F4: Appartement | G4: active
A5: 395 | B5: 0004 | C5: Broekweg 25 | D5: 3131 HC | E5: Vlaardingen | F5: Appartement | G5: active
A6: 396 | B6: 0005 | C6: Ringbaan Oost 327 | D6: 5014 GG | E6: Tilburg | F6: Appartement | G6: active
A7: 397 | B7: 0006 | C7: Enschotsestraat 163 | D7: 5014 DD | E7: Tilburg | F7: Appartement | G7: active
A8: 398 | B8: 0007 | C8: Adriaan Baasstraat 34 | D8: 7902HN | E8: Hoogeveen | F8: Appartement | G8: active
A9: 399 | B9: 0008 | C9: Arkelse Onderweg 24a | D9: 4206AH | E9: Gorinchem | F9: Appartement | G9: active
A10: 400 | B10: 0009 | C10: Galgeweg 48-A | D10: 2691MG | E10: s-Gravenzande | F10: Appartement | G10: active
A11: 401 | B11: 0010 | C11: Kethelweg 1B | D11: 3135 GA | E11: Vlaardingen | F11: Vakantiepark | G11: active
A12: 402 | B12: 0011 | C12: Kethelweg 1C | D12: 3135 GA | E12: Vlaardingen | F12: Vakantiepark | G12: active
A13: 403 | B13: 0012 | C13: Baarlelaan 27 | D13: 7906GB | E13: Hoogeveen | F13: Appartement | G13: active
... A120: 510 | B120: 0119 | C120: Koningin Julianastraat 27 | D120: 3466LG | E120: Waarder | F120: Appartement | G120: active
A121: 511 | B121: 0120 | C121: Plaats 10 | D121: 3086HL | E121: Rotterdam | G121: active
A122: 988 | B122: 0121 | C122: Rivierdijk 794 | D122: 3371EM | E122: Hardinxveld - Giessendam | F122: Vakantiepark | G122: active
A123: 513 | B123: 0122 | C123: Kethelweg 66B | D123: 3135GM | E123: Vlaardingen | F123: Vakantiepark | G123: active
A124: 514 | B124: 0123 | C124: Snecanusstraat 12 | D124: 8607BK | E124: Sneek | F124: Appartement | G124: active
A125: 515 | B125: 0124 | C125: Snoekenveen 242 | D125: 3205CN | E125: Spijkenisse | F125: Appartement | G125: active
A126: 516 | B126: 0125 | C126: Korte Singelstraat 21-3 | D126: 3112 GA | E126: Schiedam | F126: Vakantiepark | G126: active
A127: 517 | B127: 0126 | C127: Korte Singelstraat 21-2 | D127: 3112 GA | E127: Schiedam | F127: Vakantiepark | G127: active
A128: 518 | B128: 0127 | C128: Struitenweg 19b | D128: 3082WP | E128: Rotterdam | F128: Appartement | G128: active
A129: 519 | B129: 0128 | C129: Tesselschadelaan 45 | D129: 4707CJ | E129: Roosendaal | F129: Appartement | G129: active
A130: 520 | B130: 0129 | C130: Utrechtse straatweg 7 | D130: 3421GL | E130: Oudewater | F130: Appartement | G130: active
A131: 521 | B131: 0130 | C131: Van Langedonckstraat 80 | D131: 3076 SM | E131: Rotterdam | F131: Appartement | G131: active
A132: 522 | B132: 0131 | C132: Chopinstraat 35A | D132: 3131DB | E132: Vlaardingen | F132: Vakantiepark | G132: active
A133: 523 | B133: 0132 | C133: Voeghoutenstraat 236 | D133: 7891LJ | E133: Klazienaveen | F133: Appartement | G133: active
... A137: 527 | B137: 0136 | C137: Elisadonk 220 | D137: 4707ER | E137: Roosendaal | F137: Appartement | G137: active
A138: 528 | B138: 0137 | C138: Venkelstraat 29A | E138: Brielle | F138: Appartement | G138: active
A139: 529 | B139: 0138 | C139: Westercluft 134 | D139: 8332AH | E139: Steenwijk | F139: Appartement | G139: active
A140: 530 | B140: 0139 | C140: Wilgensingel 63 | D140: 3181XK | E140: Rozenburg | F140: Appartement | G140: active
A141: 531 | B141: 0140 | C141: Wilgenstraat 37 | D141: 5038PB | E141: Tilburg | F141: Appartement | G141: active
A142: 532 | B142: 0141 | C142: Wilhelminastraat 8 | D142: 4696 BS | E142: Stavenisse | F142: Appartement | G142: active
A143: 533 | B143: 0142 | C143: Wilhelmina Druckerstraat 68 | D143: 7741 RM | E143: Coevorden | F143: Appartement | G143: active
A144: 534 | B144: 0143 | C144: Willem Lodewijkstraat 8 | D144: 8801EL | E144: Franeker | F144: Appartement | G144: active
A145: 535 | B145: 0144 | C145: Scheepjesbrug 433 | D145: 4231ZZ | E145: Meerkerk | F145: Vakantiepark | G145: active
A146: 536 | B146: 0145 | C146: Wouwbaan 230 | D146: 4703TA | E146: Roosendaal | F146: Appartement | G146: active
A147: 537 | B147: 0146 | C147: Johan Willem Frisostraat 36 | D147: 8606CW | E147: Sneek | F147: Appartement | G147: active
A148: 538 | B148: 0147 | C148: Hugo de Grootstraat 72A & B | D148: 2518 EG | E148: Den Haag | F148: Appartement | G148: active
A149: 539 | B149: 0148 | C149: 2e Maasbosstraat 2 a | D149: 3134XJ | E149: VLAARDINGEN | F149: Vakantiepark | G149: active
A150: 540 | B150: 0149 | C150: 2e Maasbosstraat 2 b | D150: 3134XJ | E150: VLAARDINGEN | F150: Vakantiepark | G150: active
... A248: 638 | B248: 0247 | C248: Spoorsingel 154b | D248: 3134XW | E248: VLAARDINGEN | F248: Appartement | G248: active
A249: 639 | B249: 0248 | C249: van der Waalsstraat 16 | D249: 3135HV | E249: Vlaardingen | G249: active
A250: 640 | B250: 0249 | C250: Tholenstraat 114 | D250: 3086TP | E250: ROTTERDAM | F250: Appartement | G250: active
A251: 641 | B251: 0250 | C251: van der Waalsstraat 70 | D251: 3132TN | E251: VLAARDINGEN | F251: Vakantiepark | G251: active
A252: 642 | B252: 0251 | C252: Middenbaan Noord 18A | D252: 3191EM | E252: Hoogvliet | F252: Vakantiepark | G252: active
A253: 643 | B253: 0252 | C253: Middenbaan Noord 18B | D253: 3191EM | E253: Hoogvliet | F253: Vakantiepark | G253: active
A254: 644 | B254: 0253 | C254: Middenbaan Noord 18C | D254: 3191EM | E254: Hoogvliet | F254: Vakantiepark | G254: active
A255: 254 | B255: 0254 | C255: Middenbaan Noord 20A | D255: 3191EM | E255: Hoogvliet | F255: Vakantiepark | G255: active
A256: 645 | B256: 0255 | C256: Middenbaan Noord 20B | D256: 3191EM | E256: Hoogvliet | F256: Vakantiepark | G256: active
A257: 646 | B257: 0256 | C257: Middenbaan Noord 20C | D257: 3191EM | E257: Hoogvliet | F257: Vakantiepark | G257: active
A258: 647 | B258: 0257 | C258: Middenbaan Noord 22A | D258: 3191EM | E258: Hoogvliet | F258: Vakantiepark | G258: active
A259: 648 | B259: 0258 | C259: Middenbaan Noord 22B | D259: 3191EM | E259: Hoogvliet | F259: Vakantiepark | G259: active
A260: 649 | B260: 0259 | C260: Middenbaan Noord 22C | D260: 3191EM | E260: Hoogvliet | F260: Vakantiepark | G260: active
A261: 650 | B261: 0260 | C261: Persoonsdam 176 | D261: 3071EE | E261: Rotterdam | F261: Vakantiepark | G261: active
... A393: 992 | B393: 0392 | C393: Burgemeester Baumannlaan 175H | D393: 3042AD | E393: Rotterdam | F393: Appartement | G393: active
A394: 781 | B394: A-00001 | C394: Dag Hammarskjöldlaan 80 | E394: Hellevoetsluis | G394: archived
A395: 782 | B395: A-0002 | C395: Energieweg 40 | D395: 3133EC | E395: Vlaardingen | G395: archived
A396: 783 | B396: A-0003 | C396: Frans Halsstraat 16b | E396: spijkenisse | G396: archived
A397: 784 | B397: A-0005 | C397: Van der Fuyckstraat 66 | E397: Brielle | G397: archived
A398: 785 | B398: A-0006 | C398: Van 't Hoffstraat 22 | E398: Vlaardingen | G398: archived
A399: 786 | B399: A-0009 | C399: Cecilia Benninghastraat 19 | E399: Tzummarum | G399: archived
A400: 788 | B400: A-0010 | C400: Van Hogendorplaan 284 | G400: archived
A401: 789 | B401: A-0011 | C401: Voorstraat 86a | E401: Harlingen | G401: archived
A402: 790 | B402: A-0012 | C402: Winterakoniet 21 | E402: Leeuwarden | G402: archived
A403: 791 | B403: A-0013 | C403: Groningerstraatweg 26 | E403: Leeuwarden | G403: archived
A404: 792 | B404: A-0014 | C404: Van Viandenstraat 37 | E404: Vlaardingen | G404: archived
A405: 793 | B405: A-0016 | C405: Nieuwestad 8 | E405: Leeuwarden | G405: archived
A406: 794 | B406: A-0017 | C406: Rijsstraatweg 80 | E406: Noardburgum | G406: archived
A407: 795 | B407: A-0018 | C407: Burgemeerster van Haarenlaan 905 | G407: archived
A408: 796 | B408: A-0020 | C408: St. Willibrordusstraat 55 | E408: 's-Hertogenbosch | G408: archived
A409: 797 | B409: A-0024 | C409: Hooilandseweg 46 | E409: Roodeschool | G409: archived
A410: 798 | B410: A-0025 | C410: Bleeklaan 69 | E410: Leeuwarden | G410: archived
A411: 799 | B411: A-0026 | C411: Willem Marisstraat 4 | E411: Dordrecht | G411: archived
A412: 800 | B412: A-0027 | C412: Hooilandseweg 113 | E412: Roodeschool | G412: archived
A413: 801 | B413: A-0028 | C413: Aerdberg 6 | E413: Steyl | G413: archived
A414: 802 | B414: A-0029 | C414: Rhoonsestraat 18b | E414: Schiedam | G414: archived
A415: 803 | B415: A-0031 | C415: Kerkweg 25 | E415: Driebruggen | G415: archived
A416: 804 | B416: A-0033 | C416: Inialoane 2 | E416: Garyp | G416: archived
A417: 805 | B417: A-0037 | C417: Scholeksterstraat 7 | E417: Hellevoetsluis | G417: archived
A418: 806 | B418: A-0038 | C418: Winston Churchillaan 18a | E418: Spijkenisse | G418: archived
A419: 807 | B419: A-0039 | C419: Ebenhaëzerstraat 38a | E419: Rotterdam | G419: archived
... A426: 814 | B426: A-0046 | C426: Damstraat 1b | E426: Roosendaal | G426: archived
A427: 815 | B427: A-0048 | C427: Lange Reed 20 | G427: archived
A428: 816 | B428: A-0049 | C428: Lange Reed 20a | G428: archived
A429: 817 | B429: A-0050 | C429: Lange Reed 20b | G429: archived
A430: 818 | B430: A-0051 | C430: De Poon 30 | E430: Makkum | G430: archived
A431: 819 | B431: A-0052 | C431: De Stad 1b | E431: Oirschot | G431: archived
A432: 820 | B432: A-0053 | C432: De Visserstraat 60 | E432: Dordrecht | G432: archived
A433: 821 | B433: A-0054 | C433: Het Kerkehout 64 | E433: Wassenaar | G433: archived
A434: 822 | B434: A-0055 | C434: Hoofdstraat 32 | G434: archived
A435: 823 | B435: A-0057 | C435: Jordaensplein 30 | E435: Roosendaal | G435: archived
A436: 824 | B436: A-0058 | C436: Kade 26 | E436: Roosendaal | G436: archived
A437: 825 | B437: A-0059 | C437: Kade 26a | E437: Roosendaal | G437: archived
A438: 826 | B438: A-0060 | C438: Kanaalweg 35 | E438: Harlingen | G438: archived
A439: 827 | B439: A-0062 | C439: Mark 10 | E439: Spijk | G439: archived
A440: 828 | B440: A-0063 | C440: Menno ter Braakstraat 26b | E440: Spijkenisse | G440: archived
A441: 829 | B441: A-0064 | C441: Molenweg 1 | E441: Veghel | G441: archived
A442: 830 | B442: A-0065 | C442: Nispensestraat 2c | E442: Roosendaal | G442: archived
A443: 831 | B443: A-0067 | C443: Raadhuisplein 3 | G443: archived
...
