Workbook

Sheet Dashboard
A1: COMPLETENESS DASHBOARD
A3: Adres | B3: Basis? | C3: GWE? | D3: Schoonmaak? | E3: STATUS
A4: =UNIQUE(FILTER(Input!A2:A5000, Input!A2:A5000<>"")) | B4: =IF(A4="","",IF(COUNTIFS(Input!$A:$A, A4, Input!$B:$B, "Basis")>0, "OK", "MISSING")) | C4: =IF(A4="","",IF(COUNTIFS(Input!$A:$A, A4, Input!$B:$B, "GWE")>0, "OK", "MISSING")) | D4: =IF(A4="","",IF(COUNTIFS(Input!$A:$A, A4, Input!$B:$B, "Schoonmaak")>0, "OK", "MISSING")) | E4: =IF(A4="","",IF(AND(B4="OK",C4="OK",D4="OK"), "✅ READY", "⚠️ INCOMPLETE"))
B5: =IF(A5="","",IF(COUNTIFS(Input!$A:$A, A5, Input!$B:$B, "Basis")>0, "OK", "MISSING")) | C5: =IF(A5="","",IF(COUNTIFS(Input!$A:$A, A5, Input!$B:$B, "GWE")>0, "OK", "MISSING")) | D5: =IF(A5="","",IF(COUNTIFS(Input!$A:$A, A5, Input!$B:$B, "Schoonmaak")>0, "OK", "MISSING")) | E5: =IF(A5="","",IF(AND(B5="OK",C5="OK",D5="OK"), "✅ READY", "⚠️ INCOMPLETE"))
B6: =IF(A6="","",IF(COUNTIFS(Input!$A:$A, A6, Input!$B:$B, "Basis")>0, "OK", "MISSING")) | C6: =IF(A6="","",IF(COUNTIFS(Input!$A:$A, A6, Input!$B:$B, "GWE")>0, "OK", "MISSING")) | D6: =IF(A6="","",IF(COUNTIFS(Input!$A:$A, A6, Input!$B:$B, "Schoonmaak")>0, "OK", "MISSING")) | E6: =IF(A6="","",IF(AND(B6="OK",C6="OK",D6="OK"), "✅ READY", "⚠️ INCOMPLETE"))
B7: =IF(A7="","",IF(COUNTIFS(Input!$A:$A, A7, Input!$B:$B, "Basis")>0, "OK", "MISSING")) | C7: =IF(A7="","",IF(COUNTIFS(Input!$A:$A, A7, Input!$B:$B, "GWE")>0, "OK", "MISSING")) | D7: =IF(A7="","",IF(COUNTIFS(Input!$A:$A, A7, Input!$B:$B, "Schoonmaak")>0, "OK", "MISSING")) | E7: =IF(A7="","",IF(AND(B7="OK",C7="OK",D7="OK"), "✅ READY", "⚠️ INCOMPLETE"))
B8: =IF(A8="","",IF(COUNTIFS(Input!$A:$A, A8, Input!$B:$B, "Basis")>0, "OK", "MISSING")) | C8: =IF(A8="","",IF(COUNTIFS(Input!$A:$A, A8, Input!$B:$B, "GWE")>0, "OK", "MISSING")) | D8: =IF(A8="","",IF(COUNTIFS(Input!$A:$A, A8, Input!$B:$B, "Schoonmaak")>0, "OK", "MISSING")) | E8: =IF(A8="","",IF(AND(B8="OK",C8="OK",D8="OK"), "✅ READY", "⚠️ INCOMPLETE"))
B9: =IF(A9="","",IF(COUNTIFS(Input!$A:$A, A9, Input!$B:$B, "Basis")>0, "OK", "MISSING")) | C9: =IF(A9="","",IF(COUNTIFS(Input!$A:$A, A9, Input!$B:$B, "GWE")>0, "OK", "MISSING")) | D9: =IF(A9="","",IF(COUNTIFS(Input!$A:$A, A9, Input!$B:$B, "Schoonmaak")>0, "OK", "MISSING")) | E9: =IF(A9="","",IF(AND(B9="OK",C9="OK",D9="OK"), "✅ READY", "⚠️ INCOMPLETE"))
B10: =IF(A10="","",IF(COUNTIFS(Input!$A:$A, A10, Input!$B:$B, "Basis")>0, "OK", "MISSING")) | C10: =IF(A10="","",IF(COUNTIFS(Input!$A:$A, A10, Input!$B:$B, "GWE")>0, "OK", "MISSING")) | D10: =IF(A10="","",IF(COUNTIFS(Input!$A:$A, A10, Input!$B:$B, "Schoonmaak")>0, "OK", "MISSING")) | E10: =IF(A10="","",IF(AND(B10="OK",C10="OK",D10="OK"), "✅ READY", "⚠️ INCOMPLETE"))
B11: =IF(A11="","",IF(COUNTIFS(Input!$A:$A, A11, Input!$B:$B, "Basis")>0, "OK", "MISSING")) | C11: =IF(A11="","",IF(COUNTIFS(Input!$A:$A, A11, Input!$B:$B, "GWE")>0, "OK", "MISSING")) | D11: =IF(A11="","",IF(COUNTIFS(Input!$A:$A, A11, Input!$B:$B, "Schoonmaak")>0, "OK", "MISSING")) | E11: =IF(A11="","",IF(AND(B11="OK",C11="OK",D11="OK"), "✅ READY", "⚠️ INCOMPLETE"))
B12: =IF(A12="","",IF(COUNTIFS(Input!$A:$A, A12, Input!$B:$B, "Basis")>0, "OK", "MISSING")) | C12: =IF(A12="","",IF(COUNTIFS(Input!$A:$A, A12, Input!$B:$B, "GWE")>0, "OK", "MISSING")) | D12: =IF(A12="","",IF(COUNTIFS(Input!$A:$A, A12, Input!$B:$B, "Schoonmaak")>0, "OK", "MISSING")) | E12: =IF(A12="","",IF(AND(B12="OK",C12="OK",D12="OK"), "✅ READY", "⚠️ INCOMPLETE"))
B13: =IF(A13="","",IF(COUNTIFS(Input!$A:$A, A13, Input!$B:$B, "Basis")>0, "OK", "MISSING")) | C13: =IF(A13="","",IF(COUNTIFS(Input!$A:$A, A13, Input!$B:$B, "GWE")>0, "OK", "MISSING")) | D13: =IF(A13="","",IF(COUNTIFS(Input!$A:$A, A13, Input!$B:$B, "Schoonmaak")>0, "OK", "MISSING")) | E13: =IF(A13="","",IF(AND(B13="OK",C13="OK",D13="OK"), "✅ READY", "⚠️ INCOMPLETE"))
B14: =IF(A14="","",IF(COUNTIFS(Input!$A:$A, A14, Input!$B:$B, "Basis")>0, "OK", "MISSING")) | C14: =IF(A14="","",IF(COUNTIFS(Input!$A:$A, A14, Input!$B:$B, "GWE")>0, "OK", "MISSING")) | D14: =IF(A14="","",IF(COUNTIFS(Input!$A:$A, A14, Input!$B:$B, "Schoonmaak")>0, "OK", "MISSING")) | E14: =IF(A14="","",IF(AND(B14="OK",C14="OK",D14="OK"), "✅ READY", "⚠️ INCOMPLETE"))
B15: =IF(A15="","",IF(COUNTIFS(Input!$A:$A, A15, Input!$B:$B, "Basis")>0, "OK", "MISSING")) | C15: =IF(A15="","",IF(COUNTIFS(Input!$A:$A, A15, Input!$B:$B, "GWE")>0, "OK", "MISSING")) | D15: =IF(A15="","",IF(COUNTIFS(Input!$A:$A, A15, Input!$B:$B, "Schoonmaak")>0, "OK", "MISSING")) | E15: =IF(A15="","",IF(AND(B15="OK",C15="OK",D15="OK"), "✅ READY", "⚠️ INCOMPLETE"))
B16: =IF(A16="","",IF(COUNTIFS(Input!$A:$A, A16, Input!$B:$B, "Basis")>0, "OK", "MISSING")) | C16: =IF(A16="","",IF(COUNTIFS(Input!$A:$A, A16, Input!$B:$B, "GWE")>0, "OK", "MISSING")) | D16: =IF(A16="","",IF(COUNTIFS(Input!$A:$A, A16, Input!$B:$B, "Schoonmaak")>0, "OK", "MISSING")) | E16: =IF(A16="","",IF(AND(B16="OK",C16="OK",D16="OK"), "✅ READY", "⚠️ INCOMPLETE"))
... B53: =IF(A53="","",IF(COUNTIFS(Input!$A:$A, A53, Input!$B:$B, "Basis")>0, "OK", "MISSING")) | C53: =IF(A53="","",IF(COUNTIFS(Input!$A:$A, A53, Input!$B:$B, "GWE")>0, "OK", "MISSING")) | D53: =IF(A53="","",IF(COUNTIFS(Input!$A:$A, A53, Input!$B:$B, "Schoonmaak")>0, "OK", "MISSING")) | E53: =IF(A53="","",IF(AND(B53="OK",C53="OK",D53="OK"), "✅ READY", "⚠️ INCOMPLETE"))
A54: Zuidzijde 13 | B54: Basis | C54: Test Klant BV | D54: OBJ-001 | E54: 45292 | F54: 45322 | G54: 500 | H54: Via RyanRent | I54: Liander | J54: Vattenfall | K54: C-123 | L54: 100 | M54: Extra Borgtb
A55: Zuidzijde 13 | B55: GWE | N55: 1000 | O55: 1100 | P55: 500 | Q55: 550 | R55: 200 | S55: 210
A56: Zuidzijde 13 | B56: Schoonmaak | T56: Basis Schoonmaak | U56: 5 | V56: 50 | X56: 0.21
A57: Zuidzijde 13 | B57: GWE_Item | AA57: Water | AB57: mnd | AC57: Vaste Levering | AD57: 1 | AE57: 10 | AG57: 0.09
A58: Zuidzijde 13 | B58: Schade | AC58: Gebroken Lamp | AD58: 1 | AE58: 15 | AG58: 0.21

Sheet Input
A1: Adres | B1: Type | C1: Klantnaam | D1: Object ID | E1: Check-in | F1: Check-out | G1: Borg (€) | H1: GWE Beheer | I1: Meterbeheerder | J1: Leverancier | K1: Contractnr | L1: Extra Voorschot (€) | M1: Extra Voor. Omschr. | N1: Elek Begin | O1: Elek Eind | P1: Gas Begin | Q1: Gas Eind | R1: Water Begin | S1: Water Eind | T1: Schoon Maak Pakket | U1: Schoon Uren | V1: Uurtarief (€) | W1: Totaal Excl (€) | X1: BTW % | Y1: BTW Bedrag (€) | Z1: Totaal Incl (€) | AA1: Kosten Type | AB1: Eenheid | AC1: Beschrijving | AD1: Aantal | AE1: Prijs/Stuk (€) | AF1: Totaal Excl (€) | AG1: BTW % | AH1: BTW Bedrag (€) | AI1: Totaal Incl (€)
D2: =IF(A2="","",VLOOKUP(A2,Lists!$A:$B,2,FALSE)) | W2: =IF(AND(U2<>"",V2<>""),U2*V2,"") | Y2: =IF(AND(W2<>"",X2<>""),W2*X2,"") | Z2: =IF(AND(W2<>"",Y2<>""),W2+Y2,"") | AD2: =IF($B2="GWE_Item",IF($AA2="Elektra",(SUMIFS($O:$O,$A:$A,$A2,$B:$B,"GWE")-SUMIFS($N:$N,$A:$A,$A2,$B:$B,"GWE")),IF($AA2="Gas",(SUMIFS($Q:$Q,$A:$A,$A2,$B:$B,"GWE")-SUMIFS($P:$P,$A:$A,$A2,$B:$B,"GWE")),IF($AA2="Water",(SUMIFS($S:$S,$A:$A,$A2,$B:$B,"GWE")-SUMIFS($R:$R,$A:$A,$A2,$B:$B,"GWE")),""))),"") | AF2: =IF(AND(AD2<>"",AE2<>""),AD2*AE2,"") | AH2: =IF(AND(AF2<>"",AG2<>""),AF2*AG2,"") | AI2: =IF(AND(AF2<>"",AH2<>""),AF2+AH2,"")
D3: =IF(A3="","",VLOOKUP(A3,Lists!$A:$B,2,FALSE)) | W3: =IF(AND(U3<>"",V3<>""),U3*V3,"") | Y3: =IF(AND(W3<>"",X3<>""),W3*X3,"") | Z3: =IF(AND(W3<>"",Y3<>""),W3+Y3,"") | AD3: =IF($B3="GWE_Item",IF($AA3="Elektra",(SUMIFS($O:$O,$A:$A,$A3,$B:$B,"GWE")-SUMIFS($N:$N,$A:$A,$A3,$B:$B,"GWE")),IF($AA3="Gas",(SUMIFS($Q:$Q,$A:$A,$A3,$B:$B,"GWE")-SUMIFS($P:$P,$A:$A,$A3,$B:$B,"GWE")),IF($AA3="Water",(SUMIFS($S:$S,$A:$A,$A3,$B:$B,"GWE")-SUMIFS($R:$R,$A:$A,$A3,$B:$B,"GWE")),""))),"") | AF3: =IF(AND(AD3<>"",AE3<>""),AD3*AE3,"") | AH3: =IF(AND(AF3<>"",AG3<>""),AF3*AG3,"") | AI3: =IF(AND(AF3<>"",AH3<>""),AF3+AH3,"")
D4: =IF(A4="","",VLOOKUP(A4,Lists!$A:$B,2,FALSE)) | W4: =IF(AND(U4<>"",V4<>""),U4*V4,"") | Y4: =IF(AND(W4<>"",X4<>""),W4*X4,"") | Z4: =IF(AND(W4<>"",Y4<>""),W4+Y4,"") | AD4: =IF($B4="GWE_Item",IF($AA4="Elektra",(SUMIFS($O:$O,$A:$A,$A4,$B:$B,"GWE")-SUMIFS($N:$N,$A:$A,$A4,$B:$B,"GWE")),IF($AA4="Gas",(SUMIFS($Q:$Q,$A:$A,$A4,$B:$B,"GWE")-SUMIFS($P:$P,$A:$A,$A4,$B:$B,"GWE")),IF($AA4="Water",(SUMIFS($S:$S,$A:$A,$A4,$B:$B,"GWE")-SUMIFS($R:$R,$A:$A,$A4,$B:$B,"GWE")),""))),"") | AF4: =IF(AND(AD4<>"",AE4<>""),AD4*AE4,"") | AH4: =IF(AND(AF4<>"",AG4<>""),AF4*AG4,"") | AI4: =IF(AND(AF4<>"",AH4<>""),AF4+AH4,"")
D5: =IF(A5="","",VLOOKUP(A5,Lists!$A:$B,2,FALSE)) | W5: =IF(AND(U5<>"",V5<>""),U5*V5,"") | Y5: =IF(AND(W5<>"",X5<>""),W5*X5,"") | Z5: =IF(AND(W5<>"",Y5<>""),W5+Y5,"") | AD5: =IF($B5="GWE_Item",IF($AA5="Elektra",(SUMIFS($O:$O,$A:$A,$A5,$B:$B,"GWE")-SUMIFS($N:$N,$A:$A,$A5,$B:$B,"GWE")),IF($AA5="Gas",(SUMIFS($Q:$Q,$A:$A,$A5,$B:$B,"GWE")-SUMIFS($P:$P,$A:$A,$A5,$B:$B,"GWE")),IF($AA5="Water",(SUMIFS($S:$S,$A:$A,$A5,$B:$B,"GWE")-SUMIFS($R:$R,$A:$A,$A5,$B:$B,"GWE")),""))),"") | AF5: =IF(AND(AD5<>"",AE5<>""),AD5*AE5,"") | AH5: =IF(AND(AF5<>"",AG5<>""),AF5*AG5,"") | AI5: =IF(AND(AF5<>"",AH5<>""),AF5+AH5,"")
D6: =IF(A6="","",VLOOKUP(A6,Lists!$A:$B,2,FALSE)) | W6: =IF(AND(U6<>"",V6<>""),U6*V6,"") | Y6: =IF(AND(W6<>"",X6<>""),W6*X6,"") | Z6: =IF(AND(W6<>"",Y6<>""),W6+Y6,"") | AD6: =IF($B6="GWE_Item",IF($AA6="Elektra",(SUMIFS($O:$O,$A:$A,$A6,$B:$B,"GWE")-SUMIFS($N:$N,$A:$A,$A6,$B:$B,"GWE")),IF($AA6="Gas",(SUMIFS($Q:$Q,$A:$A,$A6,$B:$B,"GWE")-SUMIFS($P:$P,$A:$A,$A6,$B:$B,"GWE")),IF($AA6="Water",(SUMIFS($S:$S,$A:$A,$A6,$B:$B,"GWE")-SUMIFS($R:$R,$A:$A,$A6,$B:$B,"GWE")),""))),"") | AF6: =IF(AND(AD6<>"",AE6<>""),AD6*AE6,"") | AH6: =IF(AND(AF6<>"",AG6<>""),AF6*AG6,"") | AI6: =IF(AND(AF6<>"",AH6<>""),AF6+AH6,"")
D7: =IF(A7="","",VLOOKUP(A7,Lists!$A:$B,2,FALSE)) | W7: =IF(AND(U7<>"",V7<>""),U7*V7,"") | Y7: =IF(AND(W7<>"",X7<>""),W7*X7,"") | Z7: =IF(AND(W7<>"",Y7<>""),W7+Y7,"") | AD7: =IF($B7="GWE_Item",IF($AA7="Elektra",(SUMIFS($O:$O,$A:$A,$A7,$B:$B,"GWE")-SUMIFS($N:$N,$A:$A,$A7,$B:$B,"GWE")),IF($AA7="Gas",(SUMIFS($Q:$Q,$A:$A,$A7,$B:$B,"GWE")-SUMIFS($P:$P,$A:$A,$A7,$B:$B,"GWE")),IF($AA7="Water",(SUMIFS($S:$S,$A:$A,$A7,$B:$B,"GWE")-SUMIFS($R:$R,$A:$A,$A7,$B:$B,"GWE")),""))),"") | AF7: =IF(AND(AD7<>"",AE7<>""),AD7*AE7,"") | AH7: =IF(AND(AF7<>"",AG7<>""),AF7*AG7,"") | AI7: =IF(AND(AF7<>"",AH7<>""),AF7+AH7,"")
D8: =IF(A8="","",VLOOKUP(A8,Lists!$A:$B,2,FALSE)) | W8: =IF(AND(U8<>"",V8<>""),U8*V8,"") | Y8: =IF(AND(W8<>"",X8<>""),W8*X8,"") | Z8: =IF(AND(W8<>"",Y8<>""),W8+Y8,"") | AD8: =IF($B8="GWE_Item",IF($AA8="Elektra",(SUMIFS($O:$O,$A:$A,$A8,$B:$B,"GWE")-SUMIFS($N:$N,$A:$A,$A8,$B:$B,"GWE")),IF($AA8="Gas",(SUMIFS($Q:$Q,$A:$A,$A8,$B:$B,"GWE")-SUMIFS($P:$P,$A:$A,$A8,$B:$B,"GWE")),IF($AA8="Water",(SUMIFS($S:$S,$A:$A,$A8,$B:$B,"GWE")-SUMIFS($R:$R,$A:$A,$A8,$B:$B,"GWE")),""))),"") | AF8: =IF(AND(AD8<>"",AE8<>""),AD8*AE8,"") | AH8: =IF(AND(AF8<>"",AG8<>""),AF8*AG8,"") | AI8: =IF(AND(AF8<>"",AH8<>""),AF8+AH8,"")
D9: =IF(A9="","",VLOOKUP(A9,Lists!$A:$B,2,FALSE)) | W9: =IF(AND(U9<>"",V9<>""),U9*V9,"") | Y9: =IF(AND(W9<>"",X9<>""),W9*X9,"") | Z9: =IF(AND(W9<>"",Y9<>""),W9+Y9,"") | AD9: =IF($B9="GWE_Item",IF($AA9="Elektra",(SUMIFS($O:$O,$A:$A,$A9,$B:$B,"GWE")-SUMIFS($N:$N,$A:$A,$A9,$B:$B,"GWE")),IF($AA9="Gas",(SUMIFS($Q:$Q,$A:$A,$A9,$B:$B,"GWE")-SUMIFS($P:$P,$A:$A,$A9,$B:$B,"GWE")),IF($AA9="Water",(SUMIFS($S:$S,$A:$A,$A9,$B:$B,"GWE")-SUMIFS($R:$R,$A:$A,$A9,$B:$B,"GWE")),""))),"") | AF9: =IF(AND(AD9<>"",AE9<>""),AD9*AE9,"") | AH9: =IF(AND(AF9<>"",AG9<>""),AF9*AG9,"") | AI9: =IF(AND(AF9<>"",AH9<>""),AF9+AH9,"")
D10: =IF(A10="","",VLOOKUP(A10,Lists!$A:$B,2,FALSE)) | W10: =IF(AND(U10<>"",V10<>""),U10*V10,"") | Y10: =IF(AND(W10<>"",X10<>""),W10*X10,"") | Z10: =IF(AND(W10<>"",Y10<>""),W10+Y10,"") | AD10: =IF($B10="GWE_Item",IF($AA10="Elektra",(SUMIFS($O:$O,$A:$A,$A10,$B:$B,"GWE")-SUMIFS($N:$N,$A:$A,$A10,$B:$B,"GWE")),IF($AA10="Gas",(SUMIFS($Q:$Q,$A:$A,$A10,$B:$B,"GWE")-SUMIFS($P:$P,$A:$A,$A10,$B:$B,"GWE")),IF($AA10="Water",(SUMIFS($S:$S,$A:$A,$A10,$B:$B,"GWE")-SUMIFS($R:$R,$A:$A,$A10,$B:$B,"GWE")),""))),"") | AF10: =IF(AND(AD10<>"",AE10<>""),AD10*AE10,"") | AH10: =IF(AND(AF10<>"",AG10<>""),AF10*AG10,"") | AI10: =IF(AND(AF10<>"",AH10<>""),AF10+AH10,"")
D11: =IF(A11="","",VLOOKUP(A11,Lists!$A:$B,2,FALSE)) | W11: =IF(AND(U11<>"",V11<>""),U11*V11,"") | Y11: =IF(AND(W11<>"",X11<>""),W11*X11,"") | Z11: =IF(AND(W11<>"",Y11<>""),W11+Y11,"") | AD11: =IF($B11="GWE_Item",IF($AA11="Elektra",(SUMIFS($O:$O,$A:$A,$A11,$B:$B,"GWE")-SUMIFS($N:$N,$A:$A,$A11,$B:$B,"GWE")),IF($AA11="Gas",(SUMIFS($Q:$Q,$A:$A,$A11,$B:$B,"GWE")-SUMIFS($P:$P,$A:$A,$A11,$B:$B,"GWE")),IF($AA11="Water",(SUMIFS($S:$S,$A:$A,$A11,$B:$B,"GWE")-SUMIFS($R:$R,$A:$A,$A11,$B:$B,"GWE")),""))),"") | AF11: =IF(AND(AD11<>"",AE11<>""),AD11*AE11,"") | AH11: =IF(AND(AF11<>"",AG11<>""),AF11*AG11,"") | AI11: =IF(AND(AF11<>"",AH11<>""),AF11+AH11,"")
D12: =IF(A12="","",VLOOKUP(A12,Lists!$A:$B,2,FALSE)) | W12: =IF(AND(U12<>"",V12<>""),U12*V12,"") | Y12: =IF(AND(W12<>"",X12<>""),W12*X12,"") | Z12: =IF(AND(W12<>"",Y12<>""),W12+Y12,"") | AD12: =IF($B12="GWE_Item",IF($AA12="Elektra",(SUMIFS($O:$O,$A:$A,$A12,$B:$B,"GWE")-SUMIFS($N:$N,$A:$A,$A12,$B:$B,"GWE")),IF($AA12="Gas",(SUMIFS($Q:$Q,$A:$A,$A12,$B:$B,"GWE")-SUMIFS($P:$P,$A:$A,$A12,$B:$B,"GWE")),IF($AA12="Water",(SUMIFS($S:$S,$A:$A,$A12,$B:$B,"GWE")-SUMIFS($R:$R,$A:$A,$A12,$B:$B,"GWE")),""))),"") | AF12: =IF(AND(AD12<>"",AE12<>""),AD12*AE12,"") | AH12: =IF(AND(AF12<>"",AG12<>""),AF12*AG12,"") | AI12: =IF(AND(AF12<>"",AH12<>""),AF12+AH12,"")
D13: =IF(A13="","",VLOOKUP(A13,Lists!$A:$B,2,FALSE)) | W13: =IF(AND(U13<>"",V13<>""),U13*V13,"") | Y13: =IF(AND(W13<>"",X13<>""),W13*X13,"") | Z13: =IF(AND(W13<>"",Y13<>""),W13+Y13,"") | AD13: =IF($B13="GWE_Item",IF($AA13="Elektra",(SUMIFS($O:$O,$A:$A,$A13,$B:$B,"GWE")-SUMIFS($N:$N,$A:$A,$A13,$B:$B,"GWE")),IF($AA13="Gas",(SUMIFS($Q:$Q,$A:$A,$A13,$B:$B,"GWE")-SUMIFS($P:$P,$A:$A,$A13,$B:$B,"GWE")),IF($AA13="Water",(SUMIFS($S:$S,$A:$A,$A13,$B:$B,"GWE")-SUMIFS($R:$R,$A:$A,$A13,$B:$B,"GWE")),""))),"") | AF13: =IF(AND(AD13<>"",AE13<>""),AD13*AE13,"") | AH13: =IF(AND(AF13<>"",AG13<>""),AF13*AG13,"") | AI13: =IF(AND(AF13<>"",AH13<>""),AF13+AH13,"")
... D201: =IF(A201="","",VLOOKUP(A201,Lists!$A:$B,2,FALSE)) | W201: =IF(AND(U201<>"",V201<>""),U201*V201,"") | Y201: =IF(AND(W201<>"",X201<>""),W201*X201,"") | Z201: =IF(AND(W201<>"",Y201<>""),W201+Y201,"") | AD201: =IF($B201="GWE_Item",IF($AA201="Elektra",(SUMIFS($O:$O,$A:$A,$A201,$B:$B,"GWE")-SUMIFS($N:$N,$A:$A,$A201,$B:$B,"GWE")),IF($AA201="Gas",(SUMIFS($Q:$Q,$A:$A,$A201,$B:$B,"GWE")-SUMIFS($P:$P,$A:$A,$A201,$B:$B,"GWE")),IF($AA201="Water",(SUMIFS($S:$S,$A:$A,$A201,$B:$B,"GWE")-SUMIFS($R:$R,$A:$A,$A201,$B:$B,"GWE")),""))),"") | AF201: =IF(AND(AD201<>"",AE201<>""),AD201*AE201,"") | AH201: =IF(AND(AF201<>"",AG201<>""),AF201*AG201,"") | AI201: =IF(AND(AF201<>"",AH201<>""),AF201+AH201,"")

Sheet Lists
A1: Address | B1: Object ID | C1: Clients
A2: 1e Middellandstraat 104A | B2: 0388 | C2: 4 Homes B.V.
A3: 2e Maasbosstraat 2 a | B3: 0148 | C3: AKT Autoschade
A4: 2e Maasbosstraat 2 b | B4: 0149 | C4: ASML Housing
A5: 2e Maasbosstraat 2 c | B5: 0150 | C5: Aelbers
A6: 2e van Leydengaelstraat 6 | B6: 0022 | C6: Amdor Projecten
A7: Abelenlaan 143 | B7: 0014 | C7: Anna Meijer
A8: Acacia 2 | B8: 0003 | C8: Anna Mulder
A9: Acacialaan 9 | B9: 0223 | C9: Autodaxx B.V.
A10: Achterdijk 47A | B10: 0190 | C10: BAM Wonen
A11: Adriaan Baasstraat 34 | B11: 0007 | C11: BBTS (Vastgoed Spijkenisse)
A12: Akkerweg 41 [010] | B12: 0341 | C12: Bakker
... A103: Enschotsestraat 163 | B103: 0006 | C103: Workforce Housing International B.V.
A104: Esdoornlaan 68 | B104: 0065
A105: F.Erensstraat 21 | B105: 0068
A106: Fabristraat 34A | B106: 0093
A107: Fabristraat 34B | B107: 0094
A108: Fenacoliuslaan 56B | B108: 0273
A109: Flankstraat 11 | B109: 0331
A110: Franselaan 273B | B110: 0019
A111: Franz Liszstraat 5 | B111: 0067
A112: G.A. Brederolaan 75B | B112: 0017
A113: Gaffelaar 3 | B113: 0069
A114: Galgeweg 48-A | B114: 0009
A115: Geldersestraat 91 | B115: 0109
... A396: van der Werffstraat 240 | B396: 0245
