Workbook

Sheet Objecten_Lijst
A1: OBJ NR | B1: Object | C1: Inkoop waarde | D1: Verkoop waarde | E1: Type | F1: Levancier | G1: Google shopping link naar product
A2: 1 | B2: Wasmachine | C2: 210 | D2: =C2/(1-Hulpmiddelen!$B$2) -> 300 | E2: huishoudelijke apparaten | F2: Strijbosch B.V. | G2: =HYPERLINK("https://www.google.com/search?tbm=shop&q="&SUBSTITUTE(B2 & " " & F2, " ", "+"),"Google Shopping") -> Google Shopping
A3: 2 | B3: Stofzuiger | C3: 59 | D3: =C3/(1-Hulpmiddelen!$B$2) -> 84.285714 | E3: huishoudelijke apparaten | F3: Strijbosch B.V. | G3: =HYPERLINK("https://www.google.com/search?tbm=shop&q="&SUBSTITUTE(B3 & " " & F3, " ", "+"),"Google Shopping") -> Google Shopping
A4: 3 | B4: TV | C4: 210 | D4: =C4/(1-Hulpmiddelen!$B$2) -> 300 | E4: huishoudelijke apparaten | F4: Strijbosch B.V. | G4: =HYPERLINK("https://www.google.com/search?tbm=shop&q="&SUBSTITUTE(B4 & " " & F4, " ", "+"),"Google Shopping") -> Google Shopping
A5: 4 | B5: Combi Koelkast | C5: 295 | D5: =C5/(1-Hulpmiddelen!$B$2) -> 421.42857 | E5: huishoudelijke apparaten | F5: Strijbosch B.V. | G5: =HYPERLINK("https://www.google.com/search?tbm=shop&q="&SUBSTITUTE(B5 & " " & F5, " ", "+"),"Google Shopping") -> Google Shopping
A6: 5 | B6: Combi Magnetron | C6: 115 | D6: =C6/(1-Hulpmiddelen!$B$2) -> 164.28571 | E6: huishoudelijke apparaten | F6: Strijbosch B.V. | G6: =HYPERLINK("https://www.google.com/search?tbm=shop&q="&SUBSTITUTE(B6 & " " & F6, " ", "+"),"Google Shopping") -> Google Shopping
A7: 6 | B7: Waterkoker | C7: 19 | D7: =C7/(1-Hulpmiddelen!$B$2) -> 27.142857 | E7: huishoudelijke apparaten | F7: Strijbosch B.V. | G7: =HYPERLINK("https://www.google.com/search?tbm=shop&q="&SUBSTITUTE(B7 & " " & F7, " ", "+"),"Google Shopping") -> Google Shopping
A8: 7 | B8: Tafel Koelkast | C8: 190 | D8: =C8/(1-Hulpmiddelen!$B$2) -> 271.42857 | E8: huishoudelijke apparaten | F8: Strijbosch B.V. | G8: =HYPERLINK("https://www.google.com/search?tbm=shop&q="&SUBSTITUTE(B8 & " " & F8, " ", "+"),"Google Shopping") -> Google Shopping
A9: 8 | B9: Box spring | C9: =75+3.75 -> 78.75 | D9: =C9/(1-Hulpmiddelen!$B$2) -> 112.5 | E9: Meubels | F9: Matex | G9: =HYPERLINK("https://www.google.com/search?tbm=shop&q="&SUBSTITUTE(B9 & " " & F9, " ", "+"),"Google Shopping") -> Google Shopping
A10: 9 | B10: Matras | C10: =67+3.75 -> 70.75 | D10: =C10/(1-Hulpmiddelen!$B$2) -> 101.07143 | E10: Meubels | F10: Matex | G10: =HYPERLINK("https://www.google.com/search?tbm=shop&q="&SUBSTITUTE(B10 & " " & F10, " ", "+"),"Google Shopping") -> Google Shopping
A11: 10 | B11: KleidingKast 1P | C11: 48.76 | D11: =C11/(1-Hulpmiddelen!$B$2) -> 69.657143 | E11: Meubels | F11: Ikea | G11: =HYPERLINK("https://www.google.com/search?tbm=shop&q="&SUBSTITUTE(B11 & " " & F11, " ", "+"),"Google Shopping") -> Google Shopping
A12: 11 | B12: Nachtkasje | C12: 37 | D12: =C12/(1-Hulpmiddelen!$B$2) -> 52.857143 | E12: Meubels | F12: ? | G12: =HYPERLINK("https://www.google.com/search?tbm=shop&q="&SUBSTITUTE(B12 & " " & F12, " ", "+"),"Google Shopping") -> Google Shopping
A13: 12 | B13: Eetkamertafel | C13: 41.31 | D13: =C13/(1-Hulpmiddelen!$B$2) -> 59.014286 | E13: Meubels | F13: ? | G13: =HYPERLINK("https://www.google.com/search?tbm=shop&q="&SUBSTITUTE(B13 & " " & F13, " ", "+"),"Google Shopping") -> Google Shopping
A14: 13 | B14: Eetkamerstoel | C14: 44.5 | D14: =C14/(1-Hulpmiddelen!$B$2) -> 63.571429 | E14: Meubels | F14: ? | G14: =HYPERLINK("https://www.google.com/search?tbm=shop&q="&SUBSTITUTE(B14 & " " & F14, " ", "+"),"Google Shopping") -> Google Shopping
A15: 14 | B15: TV meubel | C15: 62.75 | D15: =C15/(1-Hulpmiddelen!$B$2) -> 89.642857 | E15: Meubels | F15: ? | G15: =HYPERLINK("https://www.google.com/search?tbm=shop&q="&SUBSTITUTE(B15 & " " & F15, " ", "+"),"Google Shopping") -> Google Shopping
A16: 15 | B16: Salontafel | C16: 16.52 | D16: =C16/(1-Hulpmiddelen!$B$2) -> 23.6 | E16: Meubels | F16: Ikea | G16: =HYPERLINK("https://www.google.com/search?tbm=shop&q="&SUBSTITUTE(B16 & " " & F16, " ", "+"),"Google Shopping") -> Google Shopping
A17: 16 | B17: Bank | C17: 106 | D17: =C17/(1-Hulpmiddelen!$B$2) -> 151.42857 | E17: Meubels | F17: OpenGuard | G17: =HYPERLINK("https://www.google.com/search?tbm=shop&q="&SUBSTITUTE(B17 & " " & F17, " ", "+"),"Google Shopping") -> Google Shopping
A18: 17 | B18: Fauteuil | C18: 65 | D18: =C18/(1-Hulpmiddelen!$B$2) -> 92.857143 | E18: Meubels | F18: ? | G18: =HYPERLINK("https://www.google.com/search?tbm=shop&q="&SUBSTITUTE(B18 & " " & F18, " ", "+"),"Google Shopping") -> Google Shopping
A19: 18 | B19: Dekbedovertrek en kussensloop | C19: 9.08 | D19: =C19/(1-Hulpmiddelen!$B$2) -> 12.971429 | E19: Slaapkamer | F19: Ikea | G19: =HYPERLINK("https://www.google.com/search?tbm=shop&q="&SUBSTITUTE(B19 & " " & F19, " ", "+"),"Google Shopping") -> Google Shopping
A20: 19 | B20: Hoeslaken | C20: 5.78 | D20: =C20/(1-Hulpmiddelen!$B$2) -> 8.2571429 | E20: Slaapkamer | F20: Ikea | G20: =HYPERLINK("https://www.google.com/search?tbm=shop&q="&SUBSTITUTE(B20 & " " & F20, " ", "+"),"Google Shopping") -> Google Shopping
A21: 20 | B21: Dekbed | C21: 10.74 | D21: =C21/(1-Hulpmiddelen!$B$2) -> 15.342857 | E21: Slaapkamer | F21: Ikea | G21: =HYPERLINK("https://www.google.com/search?tbm=shop&q="&SUBSTITUTE(B21 & " " & F21, " ", "+"),"Google Shopping") -> Google Shopping
A22: 21 | B22: Kussen | C22: 5.78 | D22: =C22/(1-Hulpmiddelen!$B$2) -> 8.2571429 | E22: Slaapkamer | F22: Ikea | G22: =HYPERLINK("https://www.google.com/search?tbm=shop&q="&SUBSTITUTE(B22 & " " & F22, " ", "+"),"Google Shopping") -> Google Shopping
... A48: 47 | B48: Vervangingsmop | C48: 2.47 | D48: =C48/(1-Hulpmiddelen!$B$2) -> 3.5285714 | E48: Anderen + SNF | F48: Action | G48: =HYPERLINK("https://www.google.com/search?tbm=shop&q="&SUBSTITUTE(B48 & " " & F48, " ", "+"),"Google Shopping") -> Google Shopping
A49: 48 | B49: Keylocker | C49: 29.03 | D49: =C49/(1-Hulpmiddelen!$B$2) -> 41.471429 | E49: Anderen + SNF | G49: =HYPERLINK("https://www.google.com/search?tbm=shop&q="&SUBSTITUTE(B49 & " " & F49, " ", "+"),"Google Shopping") -> Google Shopping
A50: 49 | B50: Brandblusser | C50: 70 | D50: =C50/(1-Hulpmiddelen!$B$2) -> 100 | E50: Anderen + SNF | G50: =HYPERLINK("https://www.google.com/search?tbm=shop&q="&SUBSTITUTE(B50 & " " & F50, " ", "+"),"Google Shopping") -> Google Shopping
A51: 50 | B51: Blusdeken | C51: 9.95 | D51: =C51/(1-Hulpmiddelen!$B$2) -> 14.214286 | E51: Anderen + SNF | G51: =HYPERLINK("https://www.google.com/search?tbm=shop&q="&SUBSTITUTE(B51 & " " & F51, " ", "+"),"Google Shopping") -> Google Shopping
A52: 51 | B52: Rookmelder + magneet | C52: 7.7 | D52: =C52/(1-Hulpmiddelen!$B$2) -> 11 | E52: Anderen + SNF | F52: Action | G52: =HYPERLINK("https://www.google.com/search?tbm=shop&q="&SUBSTITUTE(B52 & " " & F52, " ", "+"),"Google Shopping") -> Google Shopping
A53: 52 | B53: CO2 + magneet | C53: 15.67 | D53: =C53/(1-Hulpmiddelen!$B$2) -> 22.385714 | E53: Anderen + SNF | F53: Action | G53: =HYPERLINK("https://www.google.com/search?tbm=shop&q="&SUBSTITUTE(B53 & " " & F53, " ", "+"),"Google Shopping") -> Google Shopping
A54: 53 | B54: Gordijnen x1 inl stang | C54: 48.73 | D54: =C54/(1-Hulpmiddelen!$B$2) -> 69.614286 | E54: Anderen + SNF | F54: Ikea | G54: =HYPERLINK("https://www.google.com/search?tbm=shop&q="&SUBSTITUTE(B54 & " " & F54, " ", "+"),"Google Shopping") -> Google Shopping
A55: 58 | B55: Sleutels per stuk | C55: 17.5 | D55: =C55/(1-Hulpmiddelen!$B$2) -> 25 | E55: TD inventaris + diensten | G55: =HYPERLINK("https://www.google.com/search?tbm=shop&q="&SUBSTITUTE(B55 & " " & F55, " ", "+"),"Google Shopping") -> Google Shopping
A56: 59 | B56: WC bril | C56: 29.66 | D56: =C56/(1-Hulpmiddelen!$B$2) -> 42.371429 | E56: TD inventaris + diensten | G56: =HYPERLINK("https://www.google.com/search?tbm=shop&q="&SUBSTITUTE(B56 & " " & F56, " ", "+"),"Google Shopping") -> Google Shopping
A57: 60 | B57: Doucheset | C57: 134 | D57: =C57/(1-Hulpmiddelen!$B$2) -> 191.42857 | E57: TD inventaris + diensten | G57: =HYPERLINK("https://www.google.com/search?tbm=shop&q="&SUBSTITUTE(B57 & " " & F57, " ", "+"),"Google Shopping") -> Google Shopping
A58: 61 | B58: Afdekplaat electra | C58: 1.29 | D58: =C58/(1-Hulpmiddelen!$B$2) -> 1.8428571 | E58: TD inventaris + diensten | G58: =HYPERLINK("https://www.google.com/search?tbm=shop&q="&SUBSTITUTE(B58 & " " & F58, " ", "+"),"Google Shopping") -> Google Shopping
A59: 62 | B59: Doucheslang | C59: 19.99 | D59: =C59/(1-Hulpmiddelen!$B$2) -> 28.557143 | E59: TD inventaris + diensten | G59: =HYPERLINK("https://www.google.com/search?tbm=shop&q="&SUBSTITUTE(B59 & " " & F59, " ", "+"),"Google Shopping") -> Google Shopping
A60: 64 | B60: Deurhendels | C60: 10 | D60: =C60/(1-Hulpmiddelen!$B$2) -> 14.285714 | E60: TD inventaris + diensten | G60: =HYPERLINK("https://www.google.com/search?tbm=shop&q="&SUBSTITUTE(B60 & " " & F60, " ", "+"),"Google Shopping") -> Google Shopping
A61: 65 | B61: Kamerdeur | C61: 123.21 | D61: =C61/(1-Hulpmiddelen!$B$2) -> 176.01429 | E61: TD inventaris + diensten | G61: =HYPERLINK("https://www.google.com/search?tbm=shop&q="&SUBSTITUTE(B61 & " " & F61, " ", "+"),"Google Shopping") -> Google Shopping
A62: 68 | B62: Raamuitzetter | C62: 19.99 | D62: =C62/(1-Hulpmiddelen!$B$2) -> 28.557143 | E62: TD inventaris + diensten | G62: =HYPERLINK("https://www.google.com/search?tbm=shop&q="&SUBSTITUTE(B62 & " " & F62, " ", "+"),"Google Shopping") -> Google Shopping
A63: 69 | B63: Lichtschakelaar | C63: 3.79 | D63: =C63/(1-Hulpmiddelen!$B$2) -> 5.4142857 | E63: TD inventaris + diensten | G63: =HYPERLINK("https://www.google.com/search?tbm=shop&q="&SUBSTITUTE(B63 & " " & F63, " ", "+"),"Google Shopping") -> Google Shopping
A64: 70 | B64: Lampen | C64: 3.95 | D64: =C64/(1-Hulpmiddelen!$B$2) -> 5.6428571 | E64: TD inventaris + diensten | G64: =HYPERLINK("https://www.google.com/search?tbm=shop&q="&SUBSTITUTE(B64 & " " & F64, " ", "+"),"Google Shopping") -> Google Shopping
A65: 71 | B65: Plafondlamp | C65: 5.78 | D65: =C65/(1-Hulpmiddelen!$B$2) -> 8.2571429 | E65: TD inventaris + diensten | G65: =HYPERLINK("https://www.google.com/search?tbm=shop&q="&SUBSTITUTE(B65 & " " & F65, " ", "+"),"Google Shopping") -> Google Shopping

Sheet Diensten_lijst
A1: Dienst | B1: Waarde
A2: Arbeid Schoonmaak P/U | B2: 35
A3: Arbeid Technish P/U | B3: 45
A4: Afval verwerk | B4: 215
A5: Reiskosten per km | B5: 0.28

Sheet Hulpmiddelen
A1: Type | B1: waarde
A2: Marge | B2: 0.3
